SEL1,SEL2,GPO,RR1,RR2,RR3,RR4,GEN_AC,SEL1_MOD,SEL2_MOD,GPO_MOD,RR1_MOD,RR2_MOD,RR3_MOD,RR4_MOD,GEN_AC_MOD,RANGING
112.68,31.31,96.34,52.06,19.74,43.27,50.22,124.48,14.31,0.41,63.02,5.27,0.58,0.67,0.85,74.36,35.15
27.00,25.26,61.25,47.94,18.73,40.87,49.22,92.64,0.38,0.44,41.02,6.77,1.26,1.53,2.00,43.03,25.85
32.04,29.46,62.00,44.29,18.00,43.06,49.61,91.11,0.43,0.28,40.57,3.59,0.53,1.02,1.32,41.61,27.31
28.82,25.92,61.66,47.37,17.39,42.73,51.46,88.61,0.48,0.38,40.20,4.16,0.51,0.96,1.21,39.91,38.02
27.76,28.58,60.50,49.55,17.77,42.05,50.15,83.79,0.50,0.76,40.13,3.92,0.45,0.85,1.14,35.83,26.92
29.66,29.33,65.67,47.30,21.04,46.05,55.04,94.99,0.39,0.39,42.59,4.33,0.75,0.92,2.40,43.49,26.41
29.49,27.86,60.29,48.60,20.61,46.30,53.57,91.27,0.37,0.36,40.13,3.65,0.57,0.68,1.44,43.03,37.37
28.12,27.77,67.50,46.15,20.30,43.16,55.04,93.28,0.36,0.30,41.34,3.68,0.63,0.75,1.32,39.43,27.46
27.50,27.95,65.01,44.63,19.22,43.57,53.74,86.40,0.32,0.39,42.44,2.21,0.40,0.76,1.08,37.75,29.32
30.95,29.61,68.04,50.83,20.04,45.12,48.61,89.58,0.39,0.39,44.67,3.66,0.48,0.80,0.82,38.67,39.75
32.18,26.91,64.06,53.83,24.67,45.37,55.38,86.91,0.42,0.19,41.45,7.60,0.79,0.89,1.15,37.24,28.69
28.88,28.08,70.39,52.54,19.79,44.10,56.30,93.74,0.35,0.36,44.39,7.11,0.77,0.82,1.88,42.23,30.59
28.61,27.83,63.48,53.50,22.19,46.42,51.99,90.50,0.44,0.33,40.63,3.38,0.48,0.87,1.11,39.20,40.02
30.47,28.67,68.60,50.02,18.62,46.08,50.41,91.83,0.35,0.53,43.15,5.40,0.42,1.17,0.94,42.14,28.24
31.53,28.60,74.62,48.66,19.93,45.46,52.68,96.26,0.41,0.36,44.02,3.36,0.52,0.78,1.00,43.19,27.72
35.07,28.95,56.97,44.28,17.27,42.91,49.98,89.12,0.44,0.40,38.18,3.15,0.43,0.84,1.08,39.47,36.73
27.74,26.48,63.93,45.73,17.81,44.17,51.42,91.24,0.34,0.32,41.03,3.32,0.40,0.69,1.05,41.31,27.66
29.42,25.80,61.88,47.59,16.67,42.68,50.26,90.57,0.32,0.45,39.61,5.44,0.36,0.71,0.93,41.88,26.97
27.73,24.99,60.46,44.79,16.89,42.07,50.67,93.09,0.32,0.27,39.07,3.18,0.40,0.68,1.00,43.36,39.34
29.14,28.51,67.41,45.42,21.52,44.07,51.05,89.49,0.32,0.33,41.79,3.34,0.43,0.68,0.85,38.33,26.31
28.79,31.61,69.49,50.78,19.41,40.00,47.31,90.31,0.40,0.39,43.88,4.03,0.45,0.30,1.03,39.57,32.36
29.31,28.28,68.36,45.88,18.78,44.71,50.17,93.75,0.69,0.56,43.85,3.85,0.71,1.12,1.60,39.62,41.33
27.92,29.32,66.87,45.36,19.23,47.56,54.28,91.77,0.33,0.41,41.94,2.45,0.53,0.89,1.09,41.64,28.87
31.08,35.81,66.38,45.65,18.73,45.03,51.78,88.95,0.43,0.38,43.17,3.39,0.43,0.61,0.81,40.15,26.17
33.79,27.58,66.83,46.61,19.92,50.33,52.37,92.97,0.36,0.29,43.05,3.19,0.34,0.64,1.03,40.14,39.54
32.22,26.99,70.31,44.69,30.63,45.43,50.55,87.15,0.40,0.26,44.75,3.17,0.52,0.78,0.97,37.80,26.42
27.86,28.83,66.44,47.88,17.45,43.07,51.72,91.31,0.27,0.29,42.42,3.19,0.41,0.69,1.12,39.41,29.05
29.32,27.38,69.12,47.68,18.52,44.24,50.84,94.84,0.29,0.30,41.31,4.76,0.34,0.71,0.98,43.56,39.69
27.32,36.46,68.85,45.93,20.10,40.99,54.20,94.61,0.41,0.44,46.10,5.35,0.78,0.98,1.82,40.53,27.61
36.27,29.77,69.57,44.88,19.50,43.11,50.53,91.46,0.32,0.48,43.02,2.88,0.46,0.75,0.95,39.05,29.77
33.84,29.60,71.56,48.12,19.94,44.68,52.50,97.04,0.38,0.58,44.76,3.10,0.42,0.69,1.05,37.62,43.55
26.43,26.77,63.81,44.71,17.95,43.38,49.89,93.39,0.18,0.40,40.64,3.57,0.51,1.03,1.04,44.42,26.59
27.53,28.92,66.57,43.58,17.19,40.13,50.85,87.16,0.32,0.30,40.66,3.44,0.38,0.44,1.02,37.58,26.75
28.19,29.92,67.02,42.21,17.76,43.99,51.14,87.39,0.41,0.31,40.79,3.52,0.58,0.69,1.02,38.75,37.05
30.09,29.32,62.57,43.28,17.69,42.98,48.66,90.62,0.26,0.39,39.61,2.98,0.39,0.72,0.69,42.03,26.37
29.06,29.66,64.84,47.56,22.31,45.55,51.06,93.24,0.29,0.37,42.43,3.03,0.54,0.78,0.94,39.59,29.29
28.42,31.04,63.57,40.09,19.02,43.59,51.96,90.51,0.29,0.39,41.74,1.29,0.33,0.68,0.98,40.23,34.70
27.88,26.43,80.35,47.45,19.50,45.44,48.41,96.76,0.27,0.30,54.74,2.99,0.36,0.49,0.97,38.92,29.20
28.60,27.29,62.89,48.25,22.25,44.72,51.18,88.96,0.32,0.26,40.51,3.22,0.54,0.55,0.90,39.06,28.17
28.21,29.06,67.76,50.98,23.10,44.77,51.90,109.62,0.25,0.33,43.23,4.84,0.59,0.68,0.91,42.35,37.16
28.55,27.55,66.75,47.02,18.95,44.49,49.50,89.51,0.26,0.26,43.79,2.95,0.36,0.65,0.87,39.57,29.57
28.37,29.90,67.59,46.39,19.98,46.67,52.63,90.04,0.27,0.34,43.65,3.14,0.45,0.25,0.97,39.58,29.18
32.57,30.92,66.63,46.09,73.10,50.13,50.46,92.26,0.38,0.37,43.87,3.16,0.70,1.04,0.86,39.17,36.63
28.91,26.14,66.52,43.24,17.92,44.83,50.54,92.19,0.32,0.33,40.38,2.41,0.33,0.62,0.83,40.95,26.63
29.68,27.84,67.40,42.62,20.33,43.76,50.50,88.29,0.33,0.32,42.50,2.59,0.38,0.62,0.88,38.64,25.76
28.57,29.25,60.95,46.19,18.99,44.08,53.15,95.98,0.34,0.27,41.53,4.81,0.36,0.92,1.52,44.13,40.46
27.42,29.07,65.17,44.23,19.44,42.18,47.17,85.56,0.35,0.33,41.25,2.65,0.33,0.53,0.42,36.99,27.28
27.45,27.50,66.30,45.11,17.53,44.99,49.98,88.94,0.25,0.35,43.69,2.84,0.36,0.72,0.60,38.44,26.97
27.01,31.47,69.29,44.78,19.50,45.98,52.09,88.34,0.25,0.39,40.71,3.32,0.43,0.73,1.30,37.65,37.21
33.60,30.22,70.05,46.58,19.37,43.63,51.46,90.01,0.37,0.32,42.42,2.92,0.35,0.46,0.93,39.07,30.30
27.92,26.07,67.38,45.69,19.35,47.32,51.50,89.77,0.27,0.24,43.43,3.07,0.33,0.54,0.92,39.58,26.86
31.07,32.99,65.48,46.32,18.12,43.80,52.41,85.86,0.41,0.33,42.21,2.80,0.34,0.62,0.86,35.76,39.33
31.32,29.58,72.36,44.09,16.97,41.30,55.23,90.92,0.48,0.34,41.05,4.17,0.53,0.83,1.41,40.34,26.32
27.96,26.65,60.88,44.38,18.09,41.71,50.31,86.00,0.32,0.41,38.13,4.37,0.33,0.48,0.87,38.80,27.82
26.42,25.07,62.75,42.91,17.42,41.23,48.39,88.19,0.24,0.46,39.28,2.61,0.35,0.59,0.84,40.03,37.78
38.04,26.88,63.24,43.02,16.17,41.13,52.17,87.14,0.38,0.47,39.95,2.89,0.30,0.63,0.56,38.11,26.22
27.30,30.16,65.91,44.55,22.92,45.30,50.41,85.39,0.31,0.42,41.88,2.76,0.57,0.58,0.66,37.71,28.09
28.59,28.18,67.84,44.76,17.84,38.91,50.33,89.81,0.23,0.29,41.74,2.64,0.24,0.23,0.81,38.17,38.93
31.16,28.41,65.06,45.56,19.27,43.16,50.12,92.44,0.28,0.48,40.18,2.60,0.36,0.55,0.65,37.73,28.70
27.81,26.38,72.46,45.62,19.02,42.30,52.54,90.15,0.29,0.22,44.77,2.67,0.36,0.59,0.95,39.78,28.96
30.34,33.79,69.15,44.94,19.96,44.07,50.33,90.02,0.34,0.34,43.44,2.64,0.48,0.52,0.82,39.20,40.73
29.72,26.81,61.89,48.99,21.68,44.50,66.75,91.98,0.43,0.22,41.30,4.86,0.81,1.11,1.48,38.77,26.61
29.96,27.34,64.02,47.93,17.46,45.50,45.81,86.99,0.32,0.29,42.20,2.91,0.32,0.61,0.41,37.37,27.96
28.34,31.08,62.45,45.53,17.97,47.45,46.73,88.83,0.28,0.22,39.31,2.66,0.35,0.48,0.82,38.48,40.20
28.20,25.74,63.87,42.54,20.24,42.26,48.86,88.39,0.44,0.36,41.79,2.67,0.39,0.62,0.95,38.51,26.34
28.70,29.37,64.85,45.86,16.70,41.19,48.39,84.08,0.32,0.42,43.60,2.87,0.33,0.60,0.80,36.39,28.15
28.66,27.38,57.94,44.09,17.72,43.78,48.23,87.15,0.24,0.28,38.22,2.75,0.37,0.66,0.55,36.76,36.62
38.73,27.08,62.23,44.27,16.50,40.77,47.37,85.98,0.39,0.28,39.79,2.95,0.31,0.56,0.60,38.17,27.04
30.18,27.19,61.31,39.63,18.48,44.27,51.82,86.25,0.26,0.22,40.00,1.66,0.30,0.39,0.89,38.65,25.41
29.02,27.16,63.33,45.66,20.42,46.25,53.02,88.21,0.32,0.21,40.97,2.87,0.38,0.55,0.75,37.61,40.35
28.23,28.31,69.23,44.76,20.54,45.19,50.90,89.67,0.30,0.32,41.98,2.70,0.51,0.60,0.57,38.97,28.24
29.11,34.91,62.68,47.67,21.73,44.32,50.78,90.16,0.26,0.31,40.16,2.91,0.48,0.57,0.79,39.97,29.42
28.62,27.69,65.12,109.32,20.07,45.42,48.61,89.95,0.34,0.33,40.58,2.67,0.40,0.64,1.21,40.77,39.17
28.85,28.44,65.24,43.77,18.70,37.39,46.14,90.28,0.23,0.19,40.99,2.11,0.34,0.29,0.31,38.52,28.43
27.63,29.00,66.90,45.04,18.35,43.09,50.81,86.14,0.31,0.25,41.22,4.23,0.33,0.55,0.83,36.57,26.98
27.71,29.52,67.39,43.69,19.02,56.37,49.74,90.99,0.39,0.24,43.25,2.36,0.31,0.55,0.80,40.93,37.15
30.02,28.03,65.39,44.92,18.31,40.97,49.78,93.07,0.24,0.23,41.20,2.64,0.35,0.42,0.81,42.48,25.66
28.03,27.60,65.66,46.84,19.09,44.40,50.87,88.21,0.43,0.41,42.48,4.80,1.05,0.81,1.13,39.81,27.37
27.59,32.54,67.59,45.68,19.02,43.01,49.89,86.27,0.23,0.34,41.70,2.66,0.35,0.57,0.78,36.32,37.81
26.32,26.35,62.47,47.50,19.82,43.99,53.47,92.81,0.20,0.33,41.72,3.98,0.78,0.85,1.41,38.21,27.08
29.82,31.02,68.49,41.25,20.37,42.91,50.83,86.24,0.33,0.43,41.23,2.60,0.39,0.52,0.91,38.00,25.65
30.26,26.43,63.85,44.15,19.10,42.25,49.07,86.38,0.35,0.30,39.65,2.14,0.50,0.55,0.97,37.78,39.29
27.62,24.78,58.86,45.90,17.10,42.34,51.31,85.14,0.41,0.20,39.68,3.80,0.86,0.85,1.15,38.10,26.19
27.22,28.06,60.99,42.95,16.90,48.04,49.08,84.73,0.30,0.28,39.26,2.46,0.35,0.51,0.60,37.02,25.55
27.28,27.53,58.31,44.01,15.70,45.67,49.50,92.65,0.28,0.22,39.63,4.15,0.47,0.79,1.13,38.78,36.18
28.24,29.34,70.19,43.96,19.80,44.39,50.56,91.35,0.26,0.36,44.36,2.33,0.37,0.60,1.18,38.86,27.94
31.30,28.72,63.87,46.55,18.79,43.39,50.62,91.23,0.35,0.31,39.13,3.83,0.34,0.52,0.53,39.39,27.16
32.02,28.16,63.90,48.39,17.92,43.76,51.93,87.78,0.30,0.28,43.59,4.39,0.30,0.64,0.76,37.66,37.90
28.29,28.36,78.96,43.86,19.31,43.87,50.26,88.52,0.29,0.22,52.70,2.31,0.33,0.45,0.77,37.41,26.96
27.83,27.74,60.89,45.88,19.35,44.13,49.46,85.40,0.30,0.29,40.79,4.23,0.39,0.44,1.15,35.58,27.03
29.20,30.24,68.73,52.64,19.77,46.52,52.70,83.23,0.25,0.29,43.35,2.46,0.36,0.48,0.88,35.24,43.95
27.96,25.36,58.32,46.67,16.38,41.08,51.12,83.41,0.50,0.25,39.12,2.69,0.38,0.61,0.85,34.10,27.82
31.81,26.14,61.51,41.10,14.92,40.94,51.10,86.65,0.25,0.26,39.91,2.10,0.33,0.63,0.74,37.87,28.01
29.49,24.94,63.21,43.50,16.36,41.28,48.67,89.62,0.38,0.28,39.25,2.88,0.56,0.89,1.11,39.15,37.70
26.44,25.03,63.92,40.04,18.12,43.14,49.47,86.22,0.23,0.22,41.18,2.28,0.32,0.53,1.00,37.95,27.27
27.37,27.98,61.10,43.15,16.13,43.79,50.39,89.36,0.28,0.28,41.66,1.47,0.29,0.86,0.73,38.08,27.26
27.57,28.42,67.34,48.22,17.51,41.63,49.03,91.05,0.26,0.40,43.30,3.15,0.31,0.52,0.63,40.03,39.84
32.92,27.13,58.48,43.06,16.74,40.63,48.96,84.94,0.48,0.29,38.32,1.92,0.36,0.57,0.56,37.62,25.15
30.12,29.30,59.27,45.50,16.28,39.99,50.74,87.71,0.29,0.28,40.74,2.42,0.27,0.46,0.56,38.56,27.60
26.81,25.08,60.47,44.87,17.14,41.66,49.42,87.62,0.25,0.28,40.84,2.66,0.35,0.55,1.02,38.20,37.15
29.57,27.83,113.22,44.03,24.47,50.41,52.75,90.06,0.31,0.32,41.30,2.50,0.56,0.50,0.38,38.81,26.01
27.39,26.03,69.60,45.75,17.86,41.01,49.13,89.75,0.23,0.22,43.45,2.37,0.28,0.49,0.74,38.62,27.02
25.85,28.70,70.80,51.75,17.57,42.56,50.54,87.10,0.24,0.28,42.79,2.33,0.27,0.41,0.77,36.92,43.32
29.63,24.32,69.48,44.35,18.30,41.03,53.55,88.84,0.29,0.22,39.98,3.86,0.65,0.80,1.23,36.84,27.41
25.34,24.36,54.46,38.81,15.74,41.50,48.04,83.07,0.22,0.20,37.67,1.99,0.29,0.42,0.78,33.32,24.26
26.42,23.81,59.51,40.07,19.61,38.27,46.03,79.45,0.20,0.15,40.91,2.14,0.29,0.36,0.48,33.38,35.38
25.16,24.00,53.89,37.49,14.87,41.82,45.22,77.33,0.20,0.19,37.52,1.20,0.22,0.38,0.54,31.11,22.79
26.03,25.35,59.83,42.87,25.54,47.46,51.20,86.37,0.18,0.17,42.09,2.20,0.50,0.56,0.75,37.16,25.88
28.39,26.43,63.67,44.58,18.95,42.63,52.84,85.37,0.34,0.26,41.19,2.53,0.33,0.59,1.20,36.46,38.05
27.97,27.83,65.03,44.06,21.57,43.03,49.75,87.29,0.23,0.31,41.30,2.48,0.46,0.55,0.73,36.23,25.97
27.24,30.61,66.97,46.86,22.04,39.10,48.44,87.16,0.29,0.27,42.63,3.62,0.38,0.46,0.55,38.46,29.38
31.29,29.07,67.52,46.65,19.87,45.16,50.83,82.01,0.32,0.20,42.73,2.46,0.38,0.58,0.80,33.84,38.81
27.70,29.86,65.37,48.40,21.81,41.24,54.55,89.53,0.20,0.33,42.38,4.84,0.45,0.38,1.15,40.11,27.52
26.91,27.28,62.22,44.61,25.40,47.17,52.38,86.68,0.31,0.32,39.72,2.42,0.44,0.45,0.82,37.04,29.89
29.29,28.93,63.99,44.36,19.64,42.87,52.45,93.71,0.31,0.33,40.78,2.40,0.42,0.45,0.69,41.25,39.16
28.13,27.50,63.43,45.76,19.88,43.57,52.15,89.98,0.29,0.23,41.65,2.63,0.32,0.45,1.16,38.81,28.95
29.08,28.54,61.08,45.91,18.16,43.38,54.41,87.09,0.22,0.21,40.96,2.46,0.36,0.58,1.10,38.42,27.04
27.48,27.30,62.05,38.37,17.98,45.27,50.78,86.38,0.31,0.28,40.12,1.20,0.29,0.82,0.74,37.74,34.72
29.48,30.71,65.70,44.31,18.49,44.15,50.73,90.20,0.31,0.30,42.03,2.45,0.33,0.76,0.73,38.90,24.62
27.18,26.71,69.04,43.14,18.25,41.25,52.44,87.27,0.25,0.34,42.18,2.03,0.29,0.61,0.79,37.63,27.82
28.17,25.95,60.12,42.89,18.64,43.30,48.87,88.39,0.21,0.32,40.39,2.37,0.30,0.47,0.66,38.05,36.21
29.17,31.36,60.75,47.33,20.34,47.21,51.91,89.79,0.29,0.37,38.93,2.74,0.35,0.50,0.77,38.34,25.36
28.35,28.32,62.82,42.39,17.56,42.22,50.04,83.58,0.31,0.29,40.38,1.90,0.28,0.45,0.31,37.00,28.30
27.26,30.02,62.26,43.78,18.48,43.98,50.75,89.06,0.34,0.55,39.79,2.33,0.34,0.54,0.73,38.35,39.90
29.08,27.53,65.22,43.09,19.39,45.14,47.93,89.15,0.27,0.33,42.29,2.19,0.37,0.52,1.09,39.48,25.66
33.34,27.57,65.76,46.46,23.86,45.23,50.81,89.35,0.33,0.25,44.08,2.53,0.48,0.50,1.25,38.94,28.01
27.12,29.01,69.92,44.95,18.90,56.10,51.46,89.34,0.27,0.32,40.57,1.93,0.43,0.44,0.74,36.95,40.33
31.06,28.06,60.13,43.69,25.34,44.18,49.61,87.59,0.22,0.17,39.50,2.19,0.41,0.50,0.62,37.51,27.10
29.15,26.38,62.63,41.51,19.55,45.25,52.17,89.75,0.33,0.16,40.01,3.29,0.69,1.48,1.16,34.67,24.48
28.51,32.59,66.87,46.49,19.30,43.62,50.13,88.46,0.26,0.26,42.93,2.21,0.30,0.47,1.25,35.96,38.35
27.63,28.25,62.30,43.37,18.79,44.12,51.46,93.46,0.20,0.25,41.94,2.35,0.29,0.53,1.04,37.42,24.22
28.39,24.73,64.50,42.88,17.02,41.75,50.15,89.65,0.27,0.26,42.28,2.26,0.29,0.58,0.54,37.77,29.03
28.83,28.64,68.98,45.97,17.49,42.89,49.45,91.90,0.29,0.74,41.92,3.49,0.29,0.37,0.64,38.54,38.80
28.41,29.43,65.92,43.12,18.82,41.18,46.16,86.05,0.29,0.28,41.43,2.21,0.34,0.29,0.39,35.89,26.30
28.15,28.24,62.97,43.43,16.57,46.48,50.16,90.14,0.19,0.30,40.63,1.91,0.32,0.49,1.16,38.72,24.99
27.13,28.14,60.72,45.53,17.67,43.76,49.70,86.30,0.34,0.19,39.39,2.29,0.28,0.47,0.59,36.67,40.70
29.28,27.86,69.92,41.60,19.22,45.90,49.52,85.13,0.25,0.30,44.05,2.76,0.29,0.53,1.01,37.11,25.18
27.24,29.17,62.36,48.75,18.09,44.81,50.38,89.45,0.30,0.31,41.34,3.67,0.40,0.58,0.85,41.47,28.29
30.37,29.18,62.68,46.84,18.27,44.70,48.77,86.23,0.32,0.26,39.76,2.29,0.25,0.54,0.59,36.58,40.06
30.89,25.20,72.54,44.27,19.11,42.38,49.70,89.77,0.22,0.14,50.50,2.48,0.26,0.34,0.71,39.13,28.54
27.50,27.74,65.28,43.35,18.95,44.56,49.69,87.89,0.27,0.28,41.48,2.31,0.26,0.46,0.52,37.55,27.31
30.66,31.62,63.66,45.41,18.02,44.46,50.82,87.30,0.34,0.28,40.40,2.56,0.30,0.49,1.27,36.26,40.52
27.92,26.24,63.85,42.54,18.88,42.94,48.74,91.52,0.27,0.24,40.46,3.41,0.27,0.45,0.63,39.50,25.00
27.27,26.85,62.02,44.73,18.96,49.20,47.79,86.08,0.34,0.37,41.31,2.51,0.35,0.50,0.59,38.41,24.99
28.65,30.44,63.68,42.72,20.53,40.78,46.84,90.87,0.21,0.27,41.77,2.67,0.35,0.24,0.53,38.15,37.03
27.41,26.46,58.75,42.79,17.23,46.05,54.35,89.71,0.28,0.20,40.49,2.10,0.28,0.48,1.18,36.81,25.36
28.43,29.15,63.34,52.31,17.47,45.02,50.28,92.55,0.26,0.34,40.02,2.16,0.35,0.52,0.86,39.64,26.86
27.22,31.84,69.92,44.47,17.09,42.95,50.48,86.38,0.29,0.33,42.76,2.16,0.29,0.49,0.69,36.93,38.56
27.06,28.31,68.47,46.19,19.35,48.30,54.20,92.68,0.25,0.33,41.43,2.44,0.40,0.48,0.70,42.31,25.98
28.82,29.65,67.80,42.82,22.18,43.86,51.60,81.61,0.25,0.29,42.11,2.18,0.46,0.43,0.73,34.19,27.62
26.75,28.03,64.10,45.53,21.30,43.03,49.13,133.64,0.22,0.32,40.44,2.13,0.43,0.50,0.65,38.78,37.19
27.57,29.56,67.47,44.81,18.72,42.14,52.50,93.04,0.24,0.25,41.62,2.33,0.33,0.39,1.01,40.88,27.78
28.70,28.65,65.30,44.63,20.58,49.10,48.96,84.04,0.33,0.27,41.86,2.18,0.37,0.52,0.65,35.67,30.29
26.19,31.27,67.96,41.82,17.49,42.67,48.48,83.59,0.23,0.26,40.55,2.37,0.34,0.51,0.61,35.01,39.47
27.99,25.23,59.77,42.69,16.96,42.78,50.26,87.20,0.25,0.35,40.08,2.26,0.25,0.46,0.52,36.75,25.43
26.46,28.84,62.15,42.94,18.37,42.55,52.25,86.81,0.25,0.33,38.89,3.01,0.30,0.48,0.43,36.71,25.76
26.12,28.53,63.72,42.77,18.93,42.54,51.09,87.96,0.24,0.36,39.72,2.39,0.35,0.45,0.58,37.66,37.57
29.76,25.87,65.42,44.44,18.27,41.99,50.02,89.06,0.23,0.18,43.16,2.07,0.26,0.52,0.51,38.11,28.74
27.98,25.08,58.07,44.17,18.59,44.48,50.60,84.97,0.25,0.28,40.33,2.44,0.31,1.24,0.52,35.50,27.45
28.57,27.80,60.73,43.89,16.81,40.95,48.09,85.71,0.25,0.27,37.78,2.75,0.29,0.66,0.52,37.18,38.14
27.43,27.41,61.58,42.38,19.31,42.35,49.56,76.28,0.24,0.23,39.64,2.31,0.33,0.53,0.71,31.55,25.97
25.17,24.82,63.21,58.79,16.64,41.57,48.17,86.19,0.18,0.25,42.72,2.44,0.33,0.48,0.62,36.85,24.43
26.96,26.77,61.56,40.55,16.15,40.64,46.90,94.26,0.27,0.21,39.53,1.62,0.33,0.45,0.62,38.45,38.07
28.07,29.11,64.08,43.11,20.57,41.71,51.51,86.59,0.26,0.24,41.55,2.00,0.35,0.52,0.71,37.60,24.38
30.06,28.48,67.43,46.71,19.43,40.37,48.32,85.66,0.26,0.24,42.90,2.32,0.29,0.46,0.72,36.68,30.37
25.91,26.12,57.76,49.26,18.43,40.50,48.98,101.33,0.24,0.22,39.55,2.14,0.28,0.50,1.13,37.49,38.60
27.44,26.51,62.03,38.09,15.45,41.62,47.91,85.76,0.28,0.31,38.38,1.32,0.17,0.53,0.48,37.34,24.00
26.33,26.98,62.56,44.16,16.83,41.28,48.34,83.30,0.27,0.31,40.54,3.39,0.28,0.45,0.71,35.67,26.16
27.07,25.53,59.97,45.15,16.22,42.58,51.23,86.47,0.31,0.27,38.83,2.20,0.31,0.51,0.69,36.83,39.70
27.93,27.73,66.85,45.32,22.54,42.63,49.24,84.74,0.29,0.38,41.00,2.69,0.46,0.47,0.52,37.52,27.10
28.65,30.64,61.21,43.91,17.14,42.16,52.04,86.95,0.27,0.31,41.32,2.02,0.26,0.50,1.05,39.57,28.00
28.43,31.26,69.00,46.52,22.18,44.44,53.44,83.94,0.28,0.29,43.96,2.18,0.41,0.46,0.71,35.64,41.53
27.38,29.31,65.35,46.75,17.44,43.28,49.37,85.61,0.28,0.30,44.14,2.45,0.37,0.50,0.64,36.54,26.15
29.90,28.10,68.10,42.86,23.17,42.66,49.94,88.28,0.33,0.29,42.87,2.02,0.38,0.43,0.64,38.07,26.92
28.32,28.62,66.23,50.29,21.31,43.30,50.21,88.38,0.27,0.39,42.94,2.65,0.44,0.51,0.70,38.30,39.80
26.91,33.72,62.49,45.76,19.09,42.72,49.28,88.31,0.18,0.25,39.83,2.62,0.32,0.43,1.09,36.99,25.72
30.61,28.58,60.28,43.58,16.69,41.06,49.09,85.57,0.28,0.33,41.81,2.35,0.27,0.41,0.63,36.71,26.07
27.53,26.37,58.44,40.97,16.28,48.38,45.80,87.41,0.20,0.26,38.82,1.23,0.18,0.50,0.59,37.58,37.72
29.30,34.32,65.34,43.93,16.32,41.91,50.61,86.01,0.30,0.26,41.24,2.04,0.27,0.48,0.48,36.81,27.42
28.94,25.65,60.73,41.29,16.64,45.96,49.46,89.01,0.39,0.21,39.51,2.05,0.42,0.49,0.44,37.93,27.89
28.66,29.57,65.54,46.23,17.58,42.27,50.18,88.35,0.21,0.29,41.39,2.31,0.34,0.46,0.65,37.09,39.99
26.49,26.70,62.61,44.77,15.92,40.82,49.09,86.18,0.27,0.17,41.37,2.27,0.29,0.43,0.73,34.95,26.48
28.07,29.80,65.10,46.21,15.94,42.24,45.13,88.29,0.29,0.27,41.40,3.31,0.26,0.53,0.55,38.49,27.19
28.35,25.26,61.08,47.19,17.90,44.96,49.75,87.93,0.18,0.25,42.26,3.88,0.58,1.68,1.05,38.19,37.77
34.33,27.92,61.69,48.67,17.04,46.58,49.35,85.94,0.30,0.23,40.08,3.88,0.29,0.47,0.61,36.93,26.22
28.84,25.72,61.66,45.03,18.96,45.23,49.71,89.70,0.22,0.25,41.38,2.35,0.31,0.54,0.74,37.29,24.68
26.94,28.75,64.67,42.26,19.44,46.23,51.87,86.07,0.25,0.28,41.42,3.38,0.37,0.48,0.70,35.58,38.43
26.61,24.96,58.03,42.92,16.24,43.39,49.19,86.60,0.22,0.27,39.17,2.08,0.36,0.57,0.66,37.11,25.28
25.97,25.63,62.36,43.99,17.00,36.21,45.53,137.90,0.33,0.22,39.86,2.37,0.26,0.21,0.46,38.93,29.87
25.74,26.80,58.38,43.38,17.82,41.49,51.71,85.00,0.24,0.25,38.86,2.24,0.31,0.51,1.08,35.78,38.68
26.60,29.53,77.42,42.49,16.10,41.78,48.15,86.55,0.36,0.37,52.93,2.35,0.31,0.54,0.73,37.59,26.29
27.87,29.20,63.76,45.51,18.88,46.12,48.35,93.83,0.24,0.23,40.77,4.02,0.62,0.74,1.15,37.64,29.10
26.69,27.17,60.36,45.89,15.49,40.88,48.40,95.14,0.26,0.22,41.53,2.35,0.27,1.10,1.02,40.53,38.79
27.79,27.13,63.76,45.84,21.70,43.37,50.47,83.69,0.21,0.23,40.47,2.47,0.39,0.59,0.69,35.07,28.60
26.06,27.25,61.68,42.32,19.15,43.52,56.48,87.32,0.18,0.35,41.23,3.28,0.72,0.82,1.09,36.32,25.44
27.00,30.70,64.30,45.66,19.54,47.25,52.62,88.73,0.28,0.27,42.72,3.60,0.34,0.52,1.10,38.33,38.54
26.82,27.37,66.59,49.47,17.95,43.41,49.49,85.98,0.22,0.22,43.82,2.39,0.35,0.54,0.49,35.89,28.96
29.12,30.05,61.92,44.72,20.97,44.00,49.28,85.73,0.36,0.25,40.65,3.82,0.45,0.47,0.69,36.33,26.02
27.43,27.17,63.72,43.93,24.21,41.85,48.37,92.50,0.23,0.32,41.98,2.46,0.54,0.48,0.61,38.81,38.83
26.47,26.79,59.91,37.17,17.79,39.14,52.00,87.06,0.24,0.30,38.78,1.19,0.20,0.21,0.56,37.70,25.61
27.08,26.94,62.92,43.11,18.02,41.12,49.60,87.95,0.22,0.31,41.97,3.94,0.31,0.36,1.08,38.74,25.57
26.81,26.66,64.50,44.08,16.09,43.11,48.73,86.22,0.28,0.27,42.66,3.42,0.23,0.48,0.67,37.00,37.50
26.97,26.00,60.92,46.73,18.35,41.87,50.36,86.56,0.23,0.29,40.32,2.46,0.24,0.49,0.51,38.16,25.91
32.25,27.12,63.55,45.34,17.62,49.66,48.84,87.39,0.35,0.26,40.95,4.02,0.59,0.86,1.25,38.57,26.69
31.64,26.75,61.96,41.17,18.32,42.63,45.85,87.31,0.40,0.27,39.53,2.68,0.32,0.52,0.99,37.10,39.07
25.24,23.98,54.85,48.58,16.47,51.07,49.20,85.21,0.22,0.16,37.52,3.76,0.25,0.56,1.02,37.29,27.21
30.89,29.07,60.06,43.80,14.97,41.26,46.65,83.86,0.41,0.35,39.94,2.19,0.24,0.46,0.89,35.78,26.60
28.30,28.84,64.28,43.50,15.63,42.60,48.38,87.97,0.30,0.31,40.05,2.51,0.25,0.50,0.68,37.89,41.21
31.11,27.33,68.46,43.45,18.69,41.75,47.95,90.00,0.34,0.27,43.15,2.29,0.40,0.45,0.59,38.31,25.22
29.77,28.48,60.36,44.98,16.81,41.95,51.25,90.79,0.26,0.27,39.76,3.16,0.78,0.73,1.07,37.34,27.28
25.72,25.25,62.73,42.33,18.95,39.58,43.86,84.51,0.18,0.29,40.33,2.32,0.28,0.36,0.52,35.87,39.71
29.89,27.57,62.80,42.46,19.84,41.23,47.82,84.68,0.26,0.26,38.09,3.20,0.34,0.62,0.46,35.20,27.42
27.24,78.77,60.97,49.70,18.90,41.90,50.61,87.38,0.24,0.36,40.82,3.95,0.36,0.73,0.62,36.75,31.04
25.44,29.37,66.18,43.35,23.19,45.00,51.08,88.87,0.25,0.27,39.99,2.20,0.41,0.41,0.71,37.53,36.25
35.78,30.32,70.27,45.34,19.09,42.13,51.63,89.72,0.35,0.43,43.11,2.23,0.28,0.44,1.03,39.47,28.11
23.49,26.41,65.39,43.41,17.39,42.81,50.73,84.32,0.26,0.23,40.97,2.16,0.30,0.59,0.68,34.71,29.11
24.57,34.72,67.88,45.25,18.48,42.80,51.65,89.46,0.16,0.29,42.05,2.41,0.29,0.59,0.95,39.44,36.96
26.86,28.58,65.81,42.99,18.46,45.01,50.68,86.74,0.23,0.26,42.01,1.97,0.29,0.54,0.66,36.50,27.38
26.62,28.92,69.20,44.32,19.90,44.48,52.39,90.26,0.23,0.23,42.06,2.28,0.31,0.51,0.65,40.12,27.65
29.44,29.37,63.30,45.56,19.25,43.73,48.27,87.55,0.28,0.22,40.61,2.24,0.41,0.49,0.43,37.25,38.80
28.02,34.87,64.17,49.23,20.73,40.87,50.45,87.41,0.21,0.38,40.20,3.38,0.40,0.46,0.64,36.68,28.82
27.76,25.94,61.73,38.44,20.65,41.49,48.48,86.30,0.24,0.23,41.27,0.90,0.24,0.69,0.97,39.08,24.98
27.08,26.34,59.64,42.38,23.13,43.46,47.27,85.27,0.18,0.20,38.51,2.28,0.66,0.46,0.51,36.15,38.91
26.97,25.07,59.77,45.74,15.86,41.19,47.82,82.67,0.20,0.26,40.50,2.04,0.26,0.45,0.73,36.30,29.36
31.41,28.00,66.44,43.83,16.56,42.69,50.36,85.46,0.30,0.29,43.46,3.97,0.27,0.59,0.88,34.57,25.98
26.41,26.76,70.92,43.94,18.14,43.20,48.77,87.39,0.17,0.26,41.34,2.32,0.27,0.48,0.43,36.86,39.46
31.55,29.31,58.30,44.92,16.27,43.63,48.02,87.46,0.33,0.33,41.08,3.46,0.51,0.69,0.85,38.49,27.06
25.60,25.75,60.94,41.23,15.67,46.00,51.09,84.78,0.16,0.20,40.09,2.51,0.50,0.70,0.92,36.85,27.38
27.08,28.54,58.98,45.31,17.73,46.43,47.24,86.60,0.28,0.30,39.44,4.28,0.63,0.75,1.23,38.33,39.87
28.22,24.79,61.76,42.19,15.48,44.23,48.45,83.00,0.28,0.29,38.79,1.89,0.55,0.44,0.68,36.66,26.79
26.78,24.93,65.48,45.12,19.79,43.20,49.20,89.74,0.20,0.26,40.72,3.37,0.25,0.47,0.50,38.64,26.92
27.52,28.03,67.79,44.18,18.60,42.73,52.44,82.93,0.18,0.29,42.83,2.02,0.32,0.48,0.50,33.64,37.60
33.78,26.08,68.14,47.96,20.19,41.30,46.68,87.79,0.28,0.21,43.43,3.59,0.60,0.53,0.67,38.69,28.78
26.98,27.33,60.81,46.35,17.35,44.57,50.44,92.19,0.21,0.20,40.85,2.27,0.25,0.49,0.60,42.22,26.03
27.10,27.76,67.59,48.30,18.09,48.10,48.38,90.92,0.25,0.37,44.77,1.88,0.55,0.74,1.19,39.35,36.55
28.39,33.58,62.83,44.90,18.47,42.60,51.07,90.02,0.31,0.30,40.42,3.27,0.26,0.44,0.70,37.50,25.97
28.07,28.58,62.44,48.32,19.48,42.32,49.75,92.02,0.26,0.30,41.99,3.41,0.30,0.40,0.65,39.49,23.36
28.88,30.82,60.81,42.88,22.14,43.08,57.75,84.70,0.31,0.35,41.49,2.46,0.76,0.97,0.46,36.02,37.32
25.53,25.59,62.16,41.72,20.07,43.72,49.64,84.73,0.16,0.24,39.91,2.02,0.30,0.47,0.46,36.88,28.42
28.38,28.02,62.70,44.95,20.35,43.40,51.83,93.19,0.25,0.25,40.27,2.48,0.35,0.49,1.01,40.29,27.93
27.98,26.22,66.84,44.87,18.47,42.22,49.29,89.13,0.18,0.27,42.85,1.62,0.40,0.47,0.50,39.31,36.72
27.54,31.67,82.67,44.15,17.10,44.68,51.14,89.64,0.25,0.26,54.95,1.98,0.25,0.46,1.01,39.77,29.33
29.51,27.61,61.70,44.57,17.64,42.50,51.02,100.00,0.31,0.25,39.45,2.13,0.25,0.47,0.78,47.61,26.71
34.81,27.09,59.66,37.85,19.64,38.78,50.16,89.58,0.31,0.27,38.37,1.03,0.18,0.33,1.26,37.49,34.57
28.29,30.68,67.36,43.15,18.70,41.91,50.90,88.23,0.29,0.38,41.43,2.19,0.29,0.44,0.66,39.26,26.18
26.97,26.79,74.18,48.15,19.36,42.15,51.44,85.91,0.23,0.29,41.55,2.07,0.29,0.48,1.03,37.06,27.00
27.15,26.67,63.11,46.92,16.25,40.28,50.60,86.42,0.20,0.26,40.58,2.17,0.27,0.49,0.67,36.98,36.79
25.59,26.33,58.69,45.23,20.44,41.98,48.79,83.12,0.20,0.20,38.99,3.37,0.30,0.50,0.64,35.73,24.88
27.01,30.88,63.88,41.56,15.78,39.71,47.96,81.84,0.28,0.19,41.55,2.52,0.25,0.50,0.55,34.77,27.08
25.27,25.79,59.24,42.65,17.84,42.06,52.51,91.61,0.20,0.33,38.95,2.32,0.46,0.48,1.03,37.14,39.92
29.84,26.68,63.36,46.23,19.14,42.57,54.16,88.89,0.30,0.26,42.58,3.45,0.30,0.50,0.49,39.06,25.96
29.93,29.70,64.69,43.28,19.25,44.27,49.91,90.35,0.28,0.28,42.20,1.71,0.33,0.53,0.91,39.25,26.45
32.72,27.69,64.79,43.01,19.53,45.60,50.15,87.37,0.29,0.28,41.72,2.22,0.43,0.57,0.71,37.37,37.80
27.53,30.56,66.10,42.27,18.84,44.03,52.65,84.45,0.22,0.38,41.10,2.05,0.39,0.46,0.76,36.99,26.23
27.90,27.08,62.61,45.71,19.06,42.20,50.73,85.91,0.24,0.25,41.61,5.85,0.70,0.68,1.07,36.51,25.28
25.99,26.61,54.84,41.99,15.88,42.95,49.40,83.79,0.24,0.27,37.31,2.18,0.25,0.50,0.95,35.87,37.04
27.69,25.69,57.03,40.44,17.43,41.73,47.75,85.46,0.26,0.23,37.57,2.04,0.27,0.47,0.94,36.15,24.42
29.18,25.17,61.21,41.78,16.75,41.43,48.62,85.24,0.29,0.32,38.80,2.08,0.27,0.44,0.62,36.00,27.20
27.80,25.91,62.87,41.48,18.81,42.52,48.33,81.55,0.24,0.26,39.98,2.33,0.29,0.50,0.56,35.20,37.94
31.70,28.95,67.18,45.66,19.34,44.17,48.81,82.59,0.29,0.36,40.90,3.20,0.32,0.43,0.48,33.60,26.95
26.48,24.96,65.28,42.38,17.53,40.69,50.24,87.26,0.16,0.18,40.80,2.07,0.28,0.76,0.47,38.30,29.14
27.15,33.52,63.24,48.74,24.72,43.74,50.42,90.47,0.28,0.19,41.57,2.24,0.46,0.48,1.00,40.18,37.64
34.60,26.90,65.37,47.02,22.51,45.45,50.12,87.59,0.31,0.25,42.72,3.01,0.41,0.54,0.69,37.27,27.91
34.08,27.85,65.32,44.68,19.36,43.60,50.98,87.11,0.29,0.25,41.98,2.16,0.32,0.38,0.68,37.33,27.28
27.90,28.85,66.03,47.15,23.82,41.57,50.84,94.87,0.22,0.36,40.41,3.87,0.68,0.81,0.91,39.07,37.80
29.06,28.62,59.92,39.20,19.02,40.99,52.10,93.50,0.29,0.27,38.40,1.03,0.24,0.74,0.87,36.46,25.25
28.95,27.79,64.01,43.21,18.89,43.83,52.11,92.47,0.25,0.23,41.57,2.18,0.27,0.45,0.65,42.03,26.93
26.89,27.79,68.64,43.00,16.83,42.13,50.46,88.33,0.24,0.27,42.60,1.88,0.25,0.41,0.93,36.89,38.23
28.10,27.39,65.81,45.45,18.23,44.16,50.40,92.02,0.22,0.25,42.52,2.16,0.26,0.40,0.66,38.63,27.46
27.13,28.81,69.34,43.91,17.58,41.45,48.46,91.57,0.19,0.25,42.06,2.11,0.34,0.48,0.71,38.06,28.37
28.04,27.71,70.42,43.01,18.23,43.33,49.40,82.92,0.24,0.23,40.93,2.22,0.32,0.48,0.39,34.09,37.76
26.89,29.27,60.59,46.26,23.34,42.68,51.61,90.22,0.22,0.26,40.04,2.51,0.43,0.50,0.63,40.95,24.79
27.11,34.33,67.80,43.76,17.45,41.20,48.08,86.37,0.31,0.26,38.92,2.13,0.32,0.49,1.01,34.91,28.28
25.93,30.21,58.43,44.62,21.69,39.44,48.84,87.80,0.29,0.29,38.38,1.54,0.34,0.66,0.90,37.84,41.30
28.09,24.54,58.16,41.78,18.43,39.84,46.57,86.64,0.33,0.21,37.57,2.92,0.31,0.43,0.47,39.50,25.54
24.81,25.90,65.79,40.69,16.04,40.54,48.09,86.20,0.20,0.30,38.96,1.97,0.25,0.42,0.65,35.89,26.54
28.57,29.90,61.92,40.37,14.63,40.24,47.31,87.79,0.27,0.39,41.66,1.40,0.20,0.31,0.86,37.71,35.90
26.12,23.82,57.47,43.90,17.09,39.95,50.23,88.69,0.18,0.19,38.65,3.07,0.30,0.47,1.03,36.58,25.93
27.33,26.20,60.15,41.62,16.54,41.73,47.74,85.69,0.26,0.23,39.32,2.13,0.28,0.42,1.15,37.61,24.69
30.36,28.13,59.37,47.12,18.92,49.48,50.26,89.77,0.30,0.31,39.84,2.37,0.28,0.42,0.70,41.20,40.33
27.84,27.53,63.25,41.75,19.94,42.42,57.13,87.67,0.25,0.29,40.62,1.62,0.40,0.44,0.50,36.57,25.86
27.85,27.31,58.95,47.99,18.28,45.57,49.70,83.13,0.29,0.20,39.65,2.47,0.34,0.53,0.57,35.61,28.39
25.40,25.11,59.19,43.20,18.21,41.45,49.65,88.10,0.14,0.15,39.27,2.01,0.31,0.49,0.55,37.91,37.34
33.05,38.63,66.23,43.29,17.88,45.12,53.30,90.54,0.31,0.29,41.09,2.16,0.30,0.46,0.57,38.04,25.56
27.72,28.98,62.66,44.51,18.94,42.96,51.44,87.93,0.23,0.28,41.80,1.79,0.31,0.55,0.53,38.93,26.41
27.07,28.60,68.25,43.44,17.51,41.19,49.16,88.79,0.24,0.30,41.96,2.15,0.27,0.30,0.43,38.34,38.91
31.72,26.78,66.64,45.20,18.25,42.77,52.12,85.97,0.28,0.21,42.48,3.12,0.29,0.44,0.62,36.59,25.28
29.72,31.52,64.00,42.08,16.53,40.19,56.86,92.26,0.29,0.26,40.92,1.04,0.31,0.25,1.08,40.22,27.68
30.49,28.07,60.52,45.64,18.30,44.93,51.48,90.16,0.31,0.20,39.92,2.43,0.32,0.44,0.98,39.71,37.17
29.47,27.33,66.41,44.65,18.23,42.11,48.34,89.45,0.26,0.27,43.35,3.16,0.25,0.47,0.93,40.62,26.19
27.62,27.99,64.99,43.94,20.99,42.53,50.19,86.01,0.25,0.24,41.90,2.08,0.33,0.56,0.73,36.08,27.00
30.04,26.77,59.34,45.64,20.01,42.46,51.29,90.30,0.24,0.22,39.70,2.07,0.28,0.47,1.23,37.30,39.61
27.72,28.09,81.22,46.58,18.58,42.59,48.92,82.67,0.25,0.57,57.08,3.36,0.28,0.51,0.65,35.09,26.99
26.55,26.96,62.51,45.23,24.33,41.72,50.17,87.30,0.26,0.23,40.56,2.35,0.47,0.47,0.60,36.66,26.67
28.30,32.83,60.28,42.92,19.77,45.18,49.15,88.89,0.18,0.24,40.42,2.16,0.39,0.46,0.52,38.67,38.97
27.34,26.56,65.42,42.41,18.08,42.82,53.43,88.41,0.22,0.18,41.30,2.04,0.25,0.45,0.60,38.20,27.36
31.27,27.53,71.75,43.30,16.84,43.19,53.90,87.34,0.22,0.25,43.32,1.94,0.25,0.38,0.65,37.97,29.52
28.50,28.81,61.37,44.83,18.93,44.01,49.10,85.43,0.29,0.40,39.93,3.10,0.29,0.43,0.47,36.30,36.40
27.42,27.63,66.18,39.22,18.11,43.77,51.67,88.61,0.25,0.27,40.51,0.96,0.41,0.79,1.01,38.97,25.95
27.68,26.99,67.48,42.55,20.57,43.01,49.79,91.28,0.23,0.24,41.72,2.02,0.32,0.50,0.61,41.42,26.90
28.30,25.43,62.13,41.48,19.96,43.17,50.21,86.78,0.27,0.22,40.35,2.14,0.25,0.46,0.51,36.91,38.37
29.18,27.61,62.90,44.68,17.35,46.67,49.25,92.01,0.20,0.15,41.56,2.09,0.25,0.47,0.61,37.92,26.61
33.01,26.24,67.08,43.70,17.82,43.53,48.66,86.34,0.29,0.19,40.83,2.06,0.29,0.53,0.57,36.89,27.72
27.97,26.73,64.46,45.71,19.82,42.38,48.96,84.84,0.21,0.23,44.82,2.12,0.34,0.54,0.60,34.39,39.70
26.81,28.96,60.91,43.45,19.52,45.52,56.97,87.62,0.23,0.48,40.35,3.32,0.49,0.79,1.06,38.25,26.67
29.53,27.82,65.79,47.70,21.19,47.74,52.58,89.57,0.31,0.29,40.03,3.43,0.49,0.67,0.96,38.21,28.29
27.99,35.06,63.77,44.83,19.03,44.89,50.06,85.40,0.25,0.30,41.26,2.20,0.31,0.54,0.65,36.87,38.53
26.51,28.91,66.79,45.20,19.07,42.09,46.31,88.68,0.19,0.37,42.51,2.14,0.33,0.35,0.97,37.38,25.09
28.13,28.10,62.62,43.26,21.02,41.77,50.47,90.37,0.21,0.27,39.45,1.97,0.39,0.51,1.07,39.27,28.13
26.83,33.73,63.28,39.06,17.91,46.00,48.16,94.09,0.23,0.28,41.21,0.93,0.28,0.51,1.02,39.39,33.36
30.96,27.49,63.45,44.61,19.51,45.29,53.84,87.43,0.35,0.21,41.26,3.89,0.39,0.52,1.26,37.14,25.94
27.22,29.30,60.47,46.55,18.21,41.04,50.63,89.90,0.37,0.33,39.92,2.22,0.30,0.48,0.62,36.63,27.63
28.57,28.92,61.30,46.41,18.97,46.12,48.27,89.45,0.29,0.24,40.35,2.15,0.29,0.53,0.68,39.00,38.62
29.37,30.36,66.86,48.94,19.24,45.63,49.65,88.75,0.24,0.31,41.30,3.07,0.32,0.44,0.60,37.59,26.67
26.72,31.11,62.26,43.30,18.54,41.78,46.19,88.55,0.23,0.33,40.06,2.12,1.29,0.42,0.27,34.10,28.19
28.69,28.10,64.53,42.56,18.52,41.37,51.10,91.44,0.26,0.22,43.17,2.09,0.30,0.48,1.02,39.66,37.48
27.19,31.49,62.55,43.95,17.50,41.85,51.75,86.91,0.29,0.26,39.54,2.17,0.27,0.50,0.63,37.04,25.34
27.45,32.35,63.98,46.39,24.61,43.31,49.55,89.63,0.22,4.37,41.67,2.30,0.42,0.50,0.55,40.45,27.95
26.52,29.29,64.93,43.34,17.23,42.07,50.17,87.55,0.19,0.33,40.73,1.87,0.26,0.45,0.65,36.01,38.37
28.92,27.18,64.21,42.80,17.80,41.85,50.07,93.72,0.24,0.23,41.02,1.93,0.24,0.46,0.57,39.32,28.17
26.62,27.29,57.73,44.65,18.10,42.73,55.98,88.63,0.21,0.26,38.83,3.43,0.26,0.45,0.59,36.96,25.70
30.42,27.90,67.14,46.86,15.98,44.33,48.67,87.46,0.31,0.30,43.68,3.33,0.24,0.49,0.43,37.72,39.74
26.66,28.88,62.15,46.64,18.05,45.66,47.91,91.49,0.22,0.34,41.74,2.24,0.27,0.49,0.66,37.18,26.75
30.78,29.07,65.14,40.75,17.44,43.49,50.12,87.69,0.24,0.28,42.51,1.73,0.29,0.44,0.62,37.35,27.04
27.65,31.03,60.65,45.81,20.62,48.37,52.00,90.23,0.20,0.23,40.48,2.17,0.41,0.48,1.19,38.24,39.93
31.82,30.16,61.59,48.14,18.61,41.77,44.51,87.42,0.29,0.26,41.42,3.31,0.31,0.29,0.24,38.01,25.95
27.26,31.11,67.26,45.48,18.05,45.21,49.88,87.96,0.14,0.25,44.78,2.07,0.29,0.47,0.64,39.82,26.68
33.09,26.59,64.70,44.21,18.01,42.88,50.16,90.38,0.25,0.33,41.89,2.11,0.32,0.45,0.53,36.85,39.53
29.02,27.93,63.43,42.12,16.27,45.85,48.48,86.25,0.26,0.29,40.55,2.06,0.22,0.49,0.49,36.30,25.48
28.93,28.27,65.11,45.54,21.17,45.39,48.43,84.73,0.22,0.23,43.84,2.19,0.39,1.27,0.63,36.41,28.41
31.32,27.45,62.50,45.41,17.28,59.81,48.02,87.21,0.26,0.25,41.70,2.26,0.27,1.01,1.02,38.47,41.24
26.25,27.23,59.40,44.09,20.00,42.95,50.57,87.60,0.15,0.15,40.42,1.97,0.31,0.55,0.90,37.03,27.17
27.79,33.24,65.15,43.67,21.46,48.85,58.21,97.42,0.29,0.33,42.69,2.26,0.67,1.00,0.95,46.60,27.39
27.39,30.37,65.69,43.82,18.58,44.26,48.03,91.35,0.21,0.27,39.74,2.10,0.29,0.34,0.71,36.22,39.67
28.62,27.91,64.12,43.27,19.46,45.49,49.59,89.31,0.29,0.24,42.03,3.29,0.70,1.09,1.01,38.98,26.29
27.90,28.14,61.18,47.38,17.66,42.46,51.11,90.77,0.23,0.35,40.77,2.13,0.28,0.44,0.56,37.28,28.68
28.58,28.65,65.28,39.51,17.28,39.31,53.37,86.48,0.33,0.25,44.47,1.10,0.22,0.75,0.52,37.58,35.81
27.98,30.44,65.95,42.69,19.11,45.52,51.89,89.34,0.22,0.33,41.39,1.95,0.27,0.45,0.62,36.62,26.55
26.26,26.33,63.52,42.73,17.82,44.44,49.33,86.48,0.22,0.30,41.55,2.10,0.24,0.43,1.05,37.33,28.26
31.00,38.06,60.44,44.94,17.17,44.17,51.00,86.17,0.28,0.28,40.35,1.80,0.24,0.46,1.07,37.87,39.23
29.78,28.62,64.34,44.08,17.33,42.46,50.30,84.40,0.28,0.27,41.05,1.93,0.26,0.43,0.63,36.40,25.00
26.96,31.99,62.49,48.01,19.82,44.00,49.27,83.83,0.20,0.35,40.82,2.09,0.28,0.54,0.63,33.88,28.51
26.90,31.53,60.34,45.01,19.91,42.08,50.80,86.71,0.24,0.20,39.00,2.06,0.35,0.43,0.52,35.37,38.93
27.83,30.82,78.19,44.66,22.21,42.10,48.93,84.89,0.24,0.27,54.10,3.04,0.45,0.37,0.68,36.51,24.68
29.82,27.26,73.94,46.93,21.88,48.31,48.34,89.28,0.25,0.23,44.75,3.05,0.35,0.43,0.58,37.89,27.17
27.68,28.07,64.19,46.17,21.16,43.36,51.27,81.51,0.26,0.25,42.01,2.16,0.30,0.50,0.59,34.28,39.71
30.97,29.85,61.86,43.13,18.94,42.81,49.17,89.18,0.26,0.32,39.90,2.24,0.28,0.34,0.69,37.89,27.38
32.69,28.32,60.49,41.23,20.86,43.80,49.88,87.48,0.29,0.23,38.39,1.28,0.35,0.46,0.62,37.15,23.99
28.37,31.62,62.34,42.91,17.43,41.65,53.49,87.66,0.24,0.24,40.00,1.63,0.28,0.43,0.96,37.08,37.88
28.11,26.59,65.40,41.87,19.25,43.09,50.52,90.61,0.25,0.31,41.92,2.01,0.28,0.50,0.65,36.92,27.44
77.52,31.02,66.65,49.25,19.25,41.60,50.91,86.97,0.37,0.32,41.78,2.50,0.31,0.51,1.18,37.03,29.32
26.55,26.09,62.43,42.87,17.40,40.40,48.61,87.61,0.23,0.26,39.75,2.57,0.30,0.43,0.63,36.11,38.65
26.75,26.71,59.31,40.90,18.57,41.20,44.21,85.19,0.24,0.24,38.61,1.97,0.32,0.39,0.33,35.42,24.70
25.88,25.37,61.80,41.14,19.20,41.51,49.59,85.02,0.18,0.18,38.37,1.79,0.24,0.48,0.60,37.29,27.97
27.38,25.00,60.27,44.25,19.11,43.61,50.02,89.33,0.24,0.25,38.64,3.09,0.25,0.45,0.65,39.65,39.81
28.25,28.51,65.22,43.91,19.53,44.05,48.27,84.32,0.26,0.27,40.11,2.12,0.29,0.38,0.98,35.75,25.55
28.50,24.39,116.30,40.71,16.41,40.52,50.74,89.52,0.25,0.24,42.64,2.18,0.66,0.72,0.88,38.31,25.05
25.51,26.20,57.45,44.95,17.02,41.17,49.65,91.77,0.44,0.18,39.02,2.13,0.27,0.33,0.68,37.17,38.25
27.71,23.78,58.95,39.77,17.55,41.86,48.36,85.02,0.27,0.13,38.19,1.92,0.30,0.47,0.72,36.91,27.85
25.45,25.41,59.90,41.94,17.14,42.38,49.06,90.81,1.17,0.20,38.91,2.24,0.25,0.53,0.91,40.84,25.28
32.72,28.42,60.04,43.31,19.38,42.16,55.41,90.80,0.18,0.37,39.63,3.26,0.29,0.42,0.98,39.79,38.79
27.13,35.83,60.40,44.48,17.02,44.58,53.49,86.22,0.20,0.37,40.21,2.11,0.33,0.50,1.04,37.91,27.58
33.34,24.29,60.87,41.99,19.48,41.41,50.57,83.47,0.28,0.20,39.68,1.95,0.31,0.49,0.68,35.27,25.03
26.76,27.90,62.64,43.00,16.54,41.21,44.72,86.47,0.26,0.21,40.02,2.06,0.32,0.45,0.27,37.32,37.96
28.09,28.33,62.81,43.78,15.14,42.74,48.27,84.42,0.25,0.27,39.21,3.11,0.26,0.49,0.67,34.84,25.03
26.99,28.01,69.04,40.96,18.26,40.89,48.47,87.41,0.21,0.23,39.14,1.86,0.29,0.44,0.63,38.60,25.64
27.37,28.25,62.00,45.72,20.97,42.34,53.15,85.61,0.28,0.21,42.02,2.18,0.29,0.48,0.99,36.67,40.48
27.52,28.04,64.07,49.79,21.56,41.75,51.77,82.80,0.22,0.24,39.83,3.25,0.32,0.45,1.08,35.46,26.72
27.82,26.42,62.05,40.43,17.45,42.13,46.68,84.90,0.27,0.21,39.69,3.25,0.60,0.75,0.95,36.16,26.00
25.94,27.95,61.05,46.44,15.39,42.39,46.93,86.13,0.21,0.50,37.24,1.87,0.25,0.40,0.61,37.53,37.25
25.28,24.84,58.84,38.64,18.08,41.66,47.94,87.82,0.22,0.19,38.46,1.87,0.31,0.51,0.71,39.71,24.83
26.91,28.37,62.50,41.44,17.67,42.30,51.78,88.56,0.23,0.35,39.93,1.95,0.32,0.44,0.71,38.14,26.76
29.41,30.71,62.67,48.87,16.26,41.07,49.68,90.95,0.26,0.27,40.11,2.27,0.25,0.45,0.56,38.61,41.58
24.59,24.59,59.90,45.83,17.67,42.83,51.58,84.66,0.28,0.18,37.02,2.40,0.52,0.74,0.94,37.79,24.92
26.75,26.23,59.72,44.73,17.17,40.05,48.13,81.82,0.20,0.27,37.33,1.98,0.24,0.45,0.48,34.15,25.17
25.21,28.21,58.00,45.37,18.67,41.90,48.67,90.27,0.17,0.28,38.71,4.05,0.26,0.83,1.11,37.27,38.50
26.46,25.64,63.16,46.28,17.56,42.03,48.09,87.94,0.21,0.27,39.95,2.07,0.34,0.44,0.63,36.38,25.22
27.52,25.40,64.43,42.19,26.03,44.25,54.61,87.87,0.38,0.21,43.48,2.96,0.74,0.81,1.01,36.69,26.72
27.36,26.02,63.36,47.03,18.35,43.44,53.15,83.02,0.22,0.19,41.81,2.10,0.24,0.44,0.66,35.63,38.96
27.01,27.71,56.97,43.00,16.23,43.27,46.57,90.28,0.29,0.21,38.88,3.42,0.41,0.68,0.91,39.06,27.25
31.59,27.63,56.70,41.20,15.86,38.08,46.70,89.83,0.24,0.24,38.44,1.79,0.19,0.19,0.99,39.38,26.57
27.45,25.61,59.02,45.09,15.57,55.92,48.87,88.09,0.31,0.24,39.86,1.96,0.24,0.47,0.62,39.65,38.51
26.26,31.08,66.42,40.63,15.69,40.65,47.64,91.52,0.23,0.27,40.87,2.10,0.26,0.44,0.68,42.59,24.80
28.97,26.91,61.83,45.95,19.43,42.52,52.39,85.75,0.27,0.20,40.22,1.81,0.28,0.45,0.46,37.64,28.57
28.41,30.72,65.39,43.78,15.72,40.63,48.58,81.27,0.24,0.27,41.22,1.81,0.25,0.41,0.50,33.54,38.64
27.51,25.26,57.83,40.83,15.71,41.36,49.03,86.60,0.24,0.17,38.90,1.67,0.23,0.43,0.53,36.55,25.51
26.32,24.85,58.50,39.92,17.30,41.93,47.50,84.05,0.14,0.13,39.81,1.52,0.25,0.43,0.58,36.75,24.74
26.78,28.99,61.46,42.23,18.31,43.46,49.15,89.01,0.18,0.24,38.70,2.01,0.29,0.38,0.67,36.50,36.88
28.78,25.68,58.86,39.92,19.33,43.65,51.14,87.27,0.29,0.29,38.20,1.90,0.27,0.52,1.18,37.24,26.35
26.72,28.26,65.98,41.20,17.82,42.32,48.69,90.74,0.24,0.25,41.71,1.68,0.25,0.44,0.45,36.05,26.11
28.21,27.67,66.48,41.19,17.64,42.75,47.74,84.47,0.24,0.29,41.05,1.85,0.24,0.47,0.52,36.59,35.57
27.22,26.24,60.50,38.44,16.39,43.49,43.06,80.89,0.24,0.30,38.89,1.81,0.21,0.46,0.28,35.27,26.15
27.13,27.23,62.73,40.08,16.70,38.92,45.11,88.72,0.19,0.23,40.59,1.81,0.25,0.25,0.56,37.63,25.49
27.66,27.38,58.94,45.42,15.37,39.88,47.12,83.11,0.26,0.21,37.67,1.90,0.20,0.40,0.58,34.91,38.87
26.51,25.89,72.95,44.84,17.69,42.61,48.58,86.05,0.22,0.20,51.63,2.01,0.27,0.46,0.62,38.28,26.43
26.63,27.90,64.48,42.42,18.24,43.26,50.07,93.40,0.34,0.23,39.64,1.73,0.22,0.44,0.53,40.84,26.75
35.68,25.36,63.13,41.92,17.38,42.99,52.15,89.41,0.27,0.24,39.89,1.99,0.26,0.44,0.51,39.03,37.54
28.67,26.92,62.89,38.95,14.69,39.92,48.72,84.32,0.24,0.22,38.64,1.13,0.18,0.26,0.73,35.53,26.91
33.63,26.18,58.58,42.57,16.27,44.30,48.65,90.91,0.27,0.26,39.33,1.89,0.25,0.62,0.94,37.86,27.01
31.61,23.78,61.39,43.98,18.58,42.18,47.79,84.03,0.28,0.39,39.01,2.15,0.24,0.48,0.61,35.22,39.76
26.72,25.56,62.71,41.53,17.08,40.90,48.12,87.60,0.22,0.24,38.16,1.84,0.25,0.44,0.60,36.70,26.03
27.87,34.82,68.11,42.27,18.10,43.49,48.63,88.22,0.26,0.26,43.16,1.84,0.27,0.52,0.58,36.54,24.51
30.74,28.80,71.41,41.52,18.77,43.97,51.00,85.68,0.27,0.27,45.50,1.81,0.37,0.44,0.61,36.64,36.00
25.43,25.73,72.98,41.37,19.01,42.72,50.86,89.29,0.14,0.15,41.61,3.35,0.61,1.29,1.00,38.37,26.28
28.44,26.76,67.46,47.65,20.35,42.63,47.39,90.51,0.24,0.21,40.81,3.10,0.30,0.36,0.59,37.53,27.61
26.47,30.39,62.84,44.21,20.94,44.54,50.22,93.13,0.21,0.30,42.06,1.77,0.39,0.46,1.12,38.00,39.40
27.49,26.90,66.86,45.44,18.68,43.06,48.62,89.47,0.21,0.20,41.07,1.91,0.29,0.48,0.46,36.04,28.41
28.43,26.77,65.85,45.84,23.03,43.84,47.13,84.74,0.24,0.22,40.43,1.81,0.34,0.39,0.56,35.57,30.39
29.92,26.08,65.06,37.68,14.33,43.89,48.41,82.94,0.22,0.23,40.25,0.88,0.18,0.34,0.51,35.47,38.36
25.87,26.52,66.45,41.80,17.68,46.83,48.03,83.53,0.16,0.26,39.56,2.09,0.25,0.44,0.43,35.31,30.35
27.02,27.88,61.51,42.90,15.57,40.55,48.13,87.21,0.19,0.23,38.95,2.63,0.24,0.39,0.61,34.73,26.96
26.96,26.27,61.51,43.81,16.97,42.69,48.13,82.86,0.24,0.23,39.50,2.96,0.22,0.43,0.50,35.49,39.38
26.77,27.13,61.34,44.54,17.47,43.31,49.72,86.50,0.24,0.21,39.23,1.90,0.22,0.41,0.55,37.45,30.17
29.69,27.12,66.53,44.61,21.31,41.32,50.04,88.04,0.20,0.22,38.78,2.92,0.35,0.32,0.45,36.77,25.75
26.59,25.45,55.77,42.91,21.89,42.31,47.52,85.40,0.20,0.14,37.71,1.79,0.36,0.44,0.44,39.29,38.44
27.79,26.69,59.08,45.46,15.93,41.13,46.34,83.29,0.26,0.23,40.11,2.92,0.22,0.41,0.47,35.30,25.46
29.54,25.19,60.59,41.26,17.60,40.07,48.46,86.50,0.24,0.22,38.31,1.81,0.22,0.44,1.08,37.98,27.99
25.80,28.04,59.75,41.64,15.66,42.35,50.06,81.70,0.22,0.22,37.64,1.90,0.25,0.44,0.46,35.67,38.42
26.33,26.18,60.57,47.63,18.50,42.14,50.19,86.80,0.17,0.18,39.94,2.87,0.25,0.49,2.68,37.28,25.76
28.57,27.01,62.71,41.33,18.04,43.92,47.23,81.16,0.25,0.20,38.61,1.78,0.30,0.45,0.26,33.64,28.00
27.45,29.47,64.83,49.49,24.44,45.02,50.49,88.70,0.20,0.18,43.90,5.05,0.55,0.52,0.57,38.52,39.16
27.87,26.85,61.71,44.85,19.29,42.85,48.59,87.85,0.19,0.20,40.51,2.24,0.29,0.45,0.49,37.24,28.04
30.73,26.97,66.28,42.80,16.54,42.61,48.34,86.84,0.25,0.25,39.03,2.10,0.23,0.43,0.80,36.61,27.62
27.72,28.91,59.17,41.11,17.01,41.76,46.08,87.55,0.21,0.22,38.32,1.87,0.22,0.40,0.38,40.22,36.24
27.20,24.21,59.84,42.57,17.82,41.33,47.10,85.73,0.26,0.58,40.17,2.90,0.49,0.74,0.93,37.21,25.73
27.38,27.69,59.99,43.50,15.11,37.52,47.58,86.79,0.23,0.21,40.26,1.26,0.18,0.25,0.68,36.82,25.62
30.31,26.53,61.30,43.43,19.88,42.76,49.36,88.91,0.23,0.23,39.12,2.07,0.30,0.75,0.61,41.01,39.00
26.18,28.35,66.26,43.13,18.99,42.43,49.47,89.01,0.21,0.26,41.33,1.77,0.24,0.37,0.54,37.03,26.47
28.36,26.23,60.52,43.64,18.30,44.03,52.44,89.57,0.27,0.21,38.97,1.98,0.27,0.42,0.39,39.73,26.89
26.25,31.29,65.44,40.66,18.37,45.63,51.48,83.60,0.17,0.23,41.29,2.02,0.23,0.47,1.06,36.27,37.82
28.43,28.80,74.38,43.80,19.64,46.68,53.26,81.55,0.21,0.29,43.51,1.88,0.25,0.52,0.49,31.24,25.42
24.83,25.11,63.27,41.96,19.89,46.75,50.72,85.72,0.13,0.18,41.99,1.37,0.55,0.85,0.87,37.27,26.17
31.39,25.63,60.35,45.25,18.10,54.33,49.63,86.37,0.21,0.18,40.00,1.68,0.25,0.40,0.88,37.34,38.10
27.24,26.53,57.38,45.51,17.48,41.32,50.29,84.42,0.23,0.25,39.76,2.16,0.29,0.47,0.60,35.82,24.60
30.16,26.89,57.21,40.72,16.88,40.39,48.59,84.39,0.28,0.23,39.12,1.61,0.25,0.44,0.92,36.72,25.68
25.86,35.20,61.26,44.63,18.73,43.08,49.66,87.58,0.21,0.27,38.51,2.05,0.26,0.60,0.64,38.31,38.20
30.65,26.53,59.23,42.44,15.98,38.07,44.95,94.74,0.22,0.22,38.78,1.75,0.23,0.17,0.35,41.53,24.35
31.40,27.34,61.34,43.30,19.11,41.87,50.83,88.17,0.25,0.24,38.68,2.06,0.30,0.39,0.62,36.15,29.51
26.54,27.55,61.35,42.77,18.52,42.57,50.20,92.79,0.20,0.21,39.01,1.81,0.24,0.43,0.49,39.43,38.46
33.68,28.27,62.85,45.29,18.03,43.77,52.69,87.39,0.27,0.19,41.47,1.96,0.27,0.84,0.90,37.48,27.17
26.15,28.49,60.63,44.04,19.10,42.24,48.49,85.86,0.24,0.17,39.03,2.62,0.28,0.32,0.48,36.08,26.55
29.16,29.23,67.10,44.64,18.60,45.73,49.23,88.08,0.23,0.23,41.97,1.96,0.25,0.36,0.61,34.66,39.29
28.66,26.98,62.20,41.87,17.87,43.56,49.42,86.99,0.20,0.13,40.68,3.34,0.98,0.70,0.84,37.85,25.59
27.08,26.84,60.40,38.85,15.85,40.84,48.86,83.93,0.20,0.20,39.52,2.87,0.49,0.71,1.04,37.10,26.79
25.74,27.26,66.20,41.83,16.54,40.90,48.93,84.44,0.21,0.27,39.86,1.41,0.21,0.43,0.93,37.44,40.36
26.06,24.52,72.58,42.09,15.91,39.91,48.92,83.00,0.19,0.23,53.84,1.67,0.22,0.45,0.99,36.22,27.02
26.97,29.36,59.35,39.60,16.05,40.05,49.52,85.81,0.20,0.26,38.21,1.43,0.22,0.45,0.60,36.34,26.64
35.65,28.68,65.72,42.78,19.28,42.61,48.49,85.11,0.26,0.29,42.42,1.92,0.28,0.40,0.24,35.41,37.63
24.49,29.65,63.87,43.17,16.46,40.32,46.55,91.65,0.19,0.18,39.71,1.99,0.24,0.39,0.42,41.82,28.65
26.04,24.07,59.67,42.33,16.33,44.65,49.82,87.89,0.18,0.22,40.40,2.01,0.22,0.44,0.49,41.80,25.65
27.21,26.16,62.11,41.95,17.07,41.51,49.26,84.51,0.23,0.19,40.30,2.07,0.25,0.41,0.44,36.18,38.83
27.09,28.23,60.42,41.44,15.97,42.52,50.12,78.48,0.23,0.24,37.77,1.76,0.23,0.35,0.48,33.01,27.38
26.04,26.81,60.23,39.75,16.76,40.79,49.75,93.94,0.21,0.18,39.66,1.54,0.20,0.41,0.63,39.73,24.39
31.26,26.24,64.19,44.38,21.19,40.67,49.50,85.59,0.23,0.24,40.88,0.92,1.95,0.26,0.90,37.54,41.22
27.35,27.94,64.48,42.62,16.61,41.29,48.01,89.23,0.19,0.22,38.81,1.82,0.21,0.44,0.47,36.75,25.33
26.30,29.22,59.18,40.83,15.88,41.39,47.44,84.56,0.23,0.22,38.68,1.77,0.28,0.33,0.55,35.30,27.30
25.52,27.78,59.46,43.01,16.88,41.58,47.59,86.74,0.21,0.29,40.19,1.72,0.22,0.46,0.88,37.81,38.66
26.78,27.60,55.88,41.29,21.60,41.66,49.99,84.53,0.29,0.23,37.72,1.91,0.41,0.44,0.60,34.83,24.43
26.02,25.61,70.75,44.03,19.31,43.47,50.01,91.21,0.20,0.23,44.19,1.85,0.28,0.43,0.60,41.50,29.64
26.72,25.41,64.11,44.50,19.27,46.02,46.55,85.25,0.15,0.14,44.36,4.07,0.55,0.66,0.80,35.38,37.55
30.18,27.50,61.34,40.96,16.51,41.94,54.02,92.21,0.26,0.28,39.28,1.93,0.27,0.44,1.05,37.70,24.64
29.22,25.60,59.28,40.68,16.32,40.80,49.93,85.76,0.26,0.19,37.93,1.78,0.25,0.42,0.45,35.40,26.58
25.79,27.32,57.59,43.01,18.25,41.71,51.36,81.08,0.21,0.18,38.86,1.43,0.23,0.42,0.43,35.46,35.77
26.42,25.05,60.51,46.59,16.81,40.66,47.33,84.46,0.17,0.24,38.67,1.90,0.24,0.41,0.57,36.68,24.43
26.51,25.51,61.54,42.19,22.38,45.70,49.44,81.52,0.21,0.23,39.38,1.74,0.44,0.47,2.28,35.02,27.59
26.60,25.88,66.86,49.71,18.07,41.70,48.92,91.21,0.15,0.18,43.08,1.87,0.24,0.40,0.96,41.24,37.57
30.39,28.62,60.47,42.50,17.55,42.06,47.01,84.74,0.28,0.18,39.01,1.92,0.25,0.39,0.43,35.10,26.55
28.83,28.50,62.77,44.92,14.67,41.67,48.85,83.53,0.22,0.33,38.32,5.77,0.18,0.57,0.52,35.17,25.98
24.96,27.61,64.11,42.07,16.00,40.89,47.76,83.19,0.17,0.22,42.08,1.73,0.21,0.36,0.56,35.51,36.08
29.89,28.18,58.15,43.59,19.33,39.37,50.64,85.05,0.25,0.22,39.36,1.96,0.32,0.42,0.84,37.06,26.15
29.80,29.73,60.60,39.13,19.63,39.10,46.85,87.88,0.24,0.23,39.93,1.21,0.30,0.18,0.75,37.50,26.25
27.69,25.96,64.12,43.22,16.78,40.88,48.20,84.91,0.24,0.27,39.52,1.80,0.18,0.45,0.62,35.12,38.36
27.37,27.26,64.14,41.42,17.25,41.86,46.56,90.77,0.23,0.25,41.14,1.82,0.27,0.48,0.57,40.08,25.22
26.31,27.15,56.63,41.97,17.64,46.44,50.76,83.72,0.20,0.22,38.13,1.59,0.31,0.50,3.02,36.42,26.58
27.22,26.07,62.30,42.66,16.98,41.50,48.49,85.26,0.24,0.20,39.10,1.97,0.27,0.41,0.65,36.69,39.20
28.70,25.70,59.77,41.08,18.87,40.57,57.45,85.00,2.47,0.16,38.14,3.35,0.49,0.64,0.42,35.61,25.64
28.66,24.10,55.31,42.55,17.81,48.37,47.44,85.43,0.14,0.18,37.72,2.11,0.28,0.45,0.86,36.19,26.07
26.18,28.36,70.45,46.97,19.89,43.55,50.04,89.89,0.23,0.18,40.51,1.81,0.23,0.44,0.47,36.22,37.58
27.68,26.26,57.07,44.94,17.25,40.62,49.30,85.58,0.18,0.22,37.65,2.68,0.23,0.41,0.49,36.43,24.05
25.75,26.01,59.07,41.48,20.47,46.54,45.83,84.94,0.32,0.23,37.42,1.66,0.37,0.46,0.35,34.42,25.76
28.87,27.67,61.63,52.91,17.29,41.02,47.06,82.31,0.24,0.25,41.28,1.85,0.26,1.91,0.87,35.79,45.76
26.70,31.46,59.84,42.08,17.09,40.70,47.58,81.82,0.20,0.28,39.39,1.97,0.26,0.43,0.34,34.62,25.21
32.91,27.61,65.34,44.17,19.24,42.36,48.81,83.96,0.18,0.26,40.61,2.68,0.26,0.41,0.44,35.27,27.53
27.40,28.43,75.45,41.19,18.04,55.37,49.60,91.58,0.24,0.21,41.93,1.96,0.27,0.44,0.58,38.14,44.29
26.69,26.38,62.01,43.93,24.85,42.76,49.86,84.80,0.25,0.19,39.70,1.85,0.36,0.39,0.61,34.98,25.97
30.71,27.99,62.07,41.65,16.89,44.58,51.68,87.04,0.27,0.17,40.31,1.71,0.27,0.40,0.49,39.48,27.92
27.41,26.89,65.66,43.67,20.11,43.82,49.63,91.61,0.24,0.31,40.75,1.41,0.49,0.36,0.57,37.43,38.99
30.89,28.24,57.15,41.26,17.69,42.54,50.10,89.45,0.35,0.17,38.64,1.46,0.26,0.42,0.86,41.39,25.81
27.12,32.23,64.53,44.08,18.13,44.76,54.20,83.46,0.22,0.22,41.52,1.98,0.29,0.45,0.94,36.52,27.38
31.53,25.78,60.44,44.07,15.43,41.38,48.79,85.19,0.37,0.19,38.61,2.07,0.54,1.02,0.87,38.22,39.82
29.96,26.11,60.07,41.08,16.23,41.71,48.18,85.03,0.25,0.20,39.20,1.69,0.21,0.45,0.44,36.46,25.92
26.49,27.71,59.45,44.55,20.76,42.71,48.46,86.92,0.22,0.23,38.59,2.67,0.38,0.42,0.60,37.93,25.50
28.66,25.79,62.59,41.47,19.63,40.70,49.86,84.01,0.20,0.32,39.04,3.35,0.52,1.52,0.55,33.91,40.02
26.09,27.54,58.86,48.12,18.99,42.71,53.14,87.13,0.19,0.16,39.11,2.83,0.24,0.42,0.50,36.56,26.49
27.75,28.02,65.62,53.71,17.79,44.66,59.42,83.80,0.22,0.21,39.76,2.02,0.30,0.39,0.62,34.70,34.18
25.94,24.75,60.52,41.87,15.26,42.88,48.56,83.33,0.22,0.22,38.45,1.40,0.28,0.43,0.86,35.07,38.52
27.01,24.71,73.37,39.20,17.39,43.04,48.60,87.20,0.21,0.20,52.03,1.63,0.28,0.42,0.46,40.08,25.63
27.55,26.47,61.58,45.81,22.20,41.57,47.41,82.85,0.17,0.23,39.28,1.87,2.65,0.42,0.64,35.42,27.73
28.15,29.34,55.95,40.02,17.63,39.41,49.26,88.65,0.24,0.18,37.86,1.04,0.15,0.28,0.92,36.86,36.54
29.94,29.14,62.35,44.82,18.64,41.42,52.54,86.46,0.17,0.25,41.36,1.92,0.30,0.40,1.07,36.96,28.72
30.70,30.28,66.55,45.16,18.51,42.69,48.85,91.60,0.38,0.24,41.28,4.47,0.54,0.62,0.89,37.34,29.10
