SELECT,SEND_HELLO,RECEIVE_HELLO,RANGE,CERT,AUTH,FINISH,PARALLEL_RANGING,TOTAL
41.39,49.77,0.28,7.42,51.67,52.34,0.15,29.69,203.01
21.03,48.10,0.20,4.45,41.10,37.24,0.17,21.11,152.28
17.32,46.41,0.30,4.59,39.70,36.79,0.22,21.11,145.32
19.05,45.11,0.13,3.59,42.83,36.35,0.18,32.47,147.24
16.88,39.95,0.28,4.03,41.59,34.98,0.15,20.79,137.85
20.61,46.87,0.27,4.74,41.00,36.95,0.14,21.69,150.59
17.22,47.60,0.30,4.77,40.60,35.64,0.16,33.14,146.29
18.74,46.73,0.29,5.45,39.69,35.85,0.19,19.74,146.94
19.40,47.54,0.22,5.33,39.63,36.11,0.17,21.73,148.40
16.66,40.23,0.22,4.09,40.60,38.05,0.28,33.23,140.13
21.43,48.50,0.41,4.71,43.80,44.53,0.19,21.72,163.56
20.91,45.52,0.34,4.90,44.61,40.06,0.20,21.65,156.54
26.24,46.78,0.43,5.49,51.38,41.24,0.21,33.04,171.77
24.85,47.00,0.32,4.63,51.32,36.07,0.31,30.34,164.50
22.63,48.02,0.37,5.17,44.75,44.74,0.32,21.21,166.00
26.76,46.03,0.34,4.53,42.55,36.93,0.25,33.16,157.39
21.54,45.41,0.13,2.72,45.80,38.46,0.15,21.29,154.22
19.98,47.93,0.33,5.51,43.71,39.87,0.21,21.62,157.54
24.60,46.86,0.37,4.55,45.53,38.74,0.54,32.77,161.19
24.11,47.87,0.41,5.25,44.44,39.58,0.23,21.75,161.88
25.59,47.47,0.40,5.09,43.58,42.23,0.21,21.28,164.57
22.12,46.86,0.36,4.63,41.86,40.15,0.28,33.34,156.26
19.04,46.30,0.38,4.72,43.70,40.50,0.24,21.62,154.88
26.91,45.09,0.34,4.82,45.32,42.56,0.27,23.82,165.31
21.97,48.06,0.36,3.95,44.28,37.10,0.27,32.73,155.99
28.14,47.46,0.34,5.38,53.13,39.84,0.32,22.82,174.61
23.79,47.96,0.39,5.19,41.87,38.23,0.17,21.15,157.60
20.27,47.37,0.31,5.94,42.79,37.61,0.20,31.91,154.50
20.59,48.53,0.59,4.60,51.67,35.99,0.09,21.45,162.05
22.96,48.35,0.42,4.43,41.53,39.02,0.23,22.68,156.94
17.69,48.49,0.37,5.14,51.50,41.17,0.35,34.99,164.72
23.04,49.49,0.37,5.67,42.49,40.74,0.24,21.27,162.05
24.02,44.96,0.42,4.16,44.37,38.99,0.28,23.47,157.20
19.53,45.88,0.39,5.08,46.94,41.31,0.37,33.52,159.50
20.42,46.88,0.42,5.05,42.89,38.34,0.32,22.01,154.31
19.76,48.65,0.44,5.01,53.14,41.28,0.24,22.60,168.52
21.04,50.24,0.35,6.15,43.06,41.18,0.23,30.38,162.26
21.16,48.71,0.36,5.78,40.33,37.97,0.24,21.60,154.56
21.07,47.55,0.37,6.14,44.01,39.65,0.23,21.23,159.02
27.12,44.71,0.33,4.85,44.84,39.10,0.22,31.11,161.18
19.48,44.44,0.26,4.50,47.88,44.17,0.18,20.84,160.90
19.89,46.62,0.14,2.99,41.05,38.21,0.28,21.74,149.18
23.57,47.37,0.38,5.25,49.71,38.73,0.43,33.57,165.43
18.37,47.31,0.38,4.72,44.62,41.35,0.24,22.20,156.99
23.77,46.38,0.28,4.63,45.54,41.78,0.20,23.85,162.58
25.95,45.62,0.31,4.97,41.13,41.24,0.27,33.50,159.48
24.85,47.58,0.34,4.74,42.55,36.62,0.27,21.38,156.95
18.76,47.03,0.32,5.56,42.41,39.83,0.24,22.05,154.15
20.89,44.41,0.30,6.16,42.62,37.04,0.17,33.16,151.59
22.57,48.51,0.40,4.59,52.66,41.51,0.24,22.86,170.48
22.10,45.90,0.30,4.18,42.58,38.17,0.19,23.16,153.42
22.38,47.85,0.32,4.39,42.26,37.23,0.20,32.85,154.65
19.27,46.89,0.30,4.28,45.44,39.53,0.36,22.23,156.05
26.20,45.17,0.42,3.65,46.08,37.96,0.21,21.94,159.68
17.93,47.00,0.19,2.70,53.51,38.76,0.19,37.26,160.28
21.02,47.39,0.31,4.64,43.66,53.97,0.23,22.53,171.23
23.36,45.25,0.33,5.78,49.86,37.73,0.26,23.56,162.57
19.01,47.72,0.29,4.48,45.62,38.54,0.15,34.86,155.83
26.93,46.21,0.31,4.43,51.53,39.63,0.28,24.85,169.31
26.07,46.30,0.28,3.85,48.45,41.79,0.55,24.82,167.30
28.36,46.14,0.35,5.23,49.66,37.35,0.30,36.04,167.39
20.37,46.97,0.34,5.53,43.59,40.48,0.17,21.98,157.44
24.15,45.86,0.30,4.29,44.32,39.97,0.31,23.97,159.22
27.57,46.59,0.23,4.42,43.74,37.17,0.17,34.01,159.91
19.65,47.06,0.32,7.10,51.48,35.87,0.25,23.90,161.72
20.62,46.53,0.31,4.71,45.51,38.75,0.28,22.46,156.69
24.93,47.43,0.35,6.03,39.65,36.50,0.22,33.30,155.10
24.59,47.65,0.33,5.66,52.03,39.56,1.07,22.94,170.89
24.36,45.77,0.27,4.88,47.23,39.95,0.23,24.42,162.70
22.88,46.34,0.26,4.69,42.90,41.03,0.27,32.96,158.38
26.52,47.36,0.36,4.45,52.11,39.98,0.27,22.79,171.05
24.43,46.80,0.33,5.63,53.43,38.98,0.20,23.15,169.80
26.93,44.63,0.34,4.42,44.41,37.95,0.23,33.36,158.92
25.52,45.91,0.33,5.06,40.45,42.94,0.37,20.90,160.58
25.88,48.86,0.36,4.81,50.49,40.56,0.41,23.53,171.37
26.53,46.96,0.30,5.00,50.92,37.90,0.20,33.36,167.80
18.63,47.81,0.31,5.42,53.55,39.88,0.22,22.75,165.83
24.43,48.23,0.35,4.35,41.00,33.89,0.36,22.66,152.60
27.65,46.46,0.26,4.17,42.51,39.89,0.18,33.95,161.14
27.23,46.50,0.18,2.72,45.58,41.94,0.25,22.52,164.42
26.54,45.86,0.35,4.97,45.59,40.40,0.25,23.09,163.97
20.45,46.27,0.29,4.69,46.47,42.16,0.27,32.37,160.59
21.40,48.46,0.22,4.31,52.60,38.11,0.21,21.83,165.32
19.67,46.96,0.29,4.77,46.83,39.16,0.26,23.57,157.94
25.30,46.30,0.32,5.18,43.81,40.99,0.20,33.37,162.10
25.61,46.12,0.32,5.76,42.07,46.47,0.23,22.70,166.57
21.94,45.63,0.28,5.13,42.84,43.24,0.16,22.94,159.23
24.30,47.44,0.31,4.96,53.97,38.85,0.26,34.88,170.09
22.40,47.99,0.29,4.65,41.35,39.51,0.22,21.32,156.40
21.65,46.98,0.33,4.96,50.20,42.50,0.23,23.41,166.85
23.46,40.07,0.39,5.10,60.23,42.15,0.27,34.27,171.68
25.79,45.56,0.22,5.69,41.19,37.02,0.18,19.17,155.66
21.75,47.10,0.38,4.76,40.82,38.99,0.26,23.52,154.06
20.71,46.87,0.32,5.44,42.64,37.38,0.29,33.91,153.66
29.59,45.73,0.30,4.62,44.11,43.65,0.85,23.41,168.85
22.69,46.57,0.34,4.68,41.85,38.04,0.23,23.90,154.41
17.26,49.35,0.34,5.04,45.80,40.53,0.46,35.36,158.78
22.22,48.32,0.38,4.29,43.70,38.30,0.29,22.30,157.49
25.84,38.06,0.45,5.17,44.57,41.45,0.22,22.89,155.78
24.86,46.59,0.27,3.20,43.73,36.91,0.35,35.11,155.92
21.56,48.78,0.33,5.63,38.99,41.70,0.20,20.73,157.20
19.52,47.94,0.30,3.93,46.83,39.61,0.20,23.54,158.34
24.86,45.59,0.30,4.63,43.44,41.46,0.77,33.48,161.06
26.73,43.79,0.36,4.73,44.27,37.62,0.20,20.31,157.70
22.73,45.88,0.19,2.25,46.79,41.14,0.23,24.98,159.19
25.38,46.71,0.30,4.17,44.91,37.35,0.37,34.13,159.19
18.55,57.80,0.34,4.53,50.30,39.95,0.21,22.45,171.69
28.27,44.49,0.30,5.35,44.08,37.87,0.21,22.57,160.57
19.40,48.64,0.24,3.71,42.85,36.65,0.23,32.87,151.71
23.74,45.73,0.29,4.64,43.53,38.59,0.21,22.49,156.73
21.08,46.71,0.33,4.40,51.76,40.60,0.40,29.48,165.28
26.23,45.83,0.46,4.87,40.78,39.55,0.23,32.94,157.95
20.02,48.63,0.33,5.14,40.96,38.94,0.24,21.46,154.25
20.24,46.73,0.37,4.60,46.19,42.07,0.17,23.48,160.35
23.33,46.02,0.27,4.41,44.26,40.45,0.23,33.98,158.97
28.60,44.72,0.38,4.73,41.87,38.54,0.24,22.12,159.07
22.42,45.88,0.35,5.28,43.87,33.79,0.15,22.05,151.72
23.75,46.56,0.20,3.66,45.23,37.10,0.16,35.72,156.66
18.04,47.75,0.31,6.31,41.58,38.25,0.44,23.39,152.68
19.40,49.06,0.36,4.26,50.98,39.49,0.18,22.96,163.73
27.38,44.68,0.32,4.46,45.28,38.14,0.20,33.85,160.47
20.79,45.97,0.30,4.55,44.89,40.70,0.23,24.15,157.43
25.39,45.71,0.21,3.25,44.16,41.96,0.18,24.13,160.86
27.19,44.33,0.35,5.33,44.80,40.04,0.22,34.05,162.26
28.25,42.81,0.31,4.66,43.87,38.97,0.22,22.81,159.09
20.10,47.66,0.34,4.11,44.94,41.26,0.18,23.45,158.59
27.86,44.20,0.28,4.86,46.06,37.35,0.16,33.17,160.77
18.96,47.49,0.27,4.61,41.28,38.21,0.23,21.45,151.06
21.58,47.71,0.34,5.01,43.82,38.41,0.23,22.92,157.10
18.56,46.80,0.30,4.63,40.23,36.50,0.16,36.02,147.18
15.13,40.29,0.19,3.63,45.73,41.22,0.31,23.39,146.49
26.47,46.32,0.35,4.17,42.11,39.97,0.19,23.19,159.58
28.28,47.09,0.36,4.87,42.47,40.75,0.36,32.86,164.18
25.05,46.25,0.36,4.88,43.56,37.92,0.62,21.57,158.63
26.51,45.90,0.31,5.12,45.67,40.05,0.28,22.78,163.84
23.60,45.30,0.29,4.48,43.93,40.94,0.37,34.61,158.91
27.98,45.83,0.25,3.75,42.35,40.17,0.17,23.08,160.50
21.08,47.04,0.37,5.28,43.86,44.03,0.27,22.34,161.92
20.59,47.39,0.43,4.68,51.60,40.69,0.21,35.31,165.60
27.32,46.82,0.35,5.18,51.32,42.22,0.19,23.09,173.40
24.84,45.52,0.33,4.90,43.66,39.13,0.21,23.70,158.59
27.93,45.47,0.29,4.87,42.96,37.30,0.21,32.84,159.02
19.00,46.93,0.22,2.89,46.09,32.60,0.16,21.92,147.90
23.62,47.21,0.39,4.76,55.13,38.24,0.22,25.85,169.56
25.89,46.14,0.32,6.37,48.82,40.62,0.19,34.75,168.37
17.65,47.93,0.33,5.19,43.44,39.17,0.18,22.13,153.88
28.21,45.25,0.31,4.58,46.15,38.44,0.22,22.48,163.16
26.31,46.17,0.32,4.91,43.96,40.55,0.21,34.14,162.44
27.66,45.48,0.30,4.54,51.36,43.42,0.32,23.95,173.09
21.71,47.18,0.28,4.78,46.22,43.00,0.33,22.24,163.51
20.05,47.20,0.33,4.73,42.71,37.64,0.13,32.38,152.80
22.82,47.94,0.26,4.26,51.87,37.95,0.22,24.92,165.32
20.64,47.84,0.30,4.63,41.14,36.27,0.17,22.13,150.98
24.55,47.30,0.44,6.87,48.84,38.82,0.23,34.49,167.05
19.79,47.00,0.32,4.68,61.26,41.12,0.15,22.30,174.33
25.51,43.11,0.29,3.84,47.52,41.61,0.18,23.29,162.07
25.41,46.93,0.32,4.28,42.54,39.54,0.21,34.10,159.24
20.10,46.26,0.33,4.72,44.66,40.70,1.67,21.51,158.45
24.65,43.15,0.33,4.81,44.48,37.74,0.18,22.41,155.34
21.19,47.47,0.79,4.37,50.81,37.21,0.19,37.16,162.04
24.41,44.34,0.30,5.78,43.32,38.30,0.23,23.32,156.70
27.25,45.86,0.32,5.38,41.39,38.86,0.21,23.56,159.27
21.88,47.45,0.29,4.27,46.79,37.63,0.22,33.33,158.53
24.95,47.29,0.29,4.86,42.02,42.60,0.35,22.55,162.38
25.78,45.87,0.31,4.75,51.94,42.67,0.78,24.23,172.11
20.73,47.53,0.33,5.38,42.67,37.78,0.25,33.55,154.66
21.98,44.71,0.28,4.01,43.20,39.34,0.23,22.04,153.76
20.14,47.63,0.16,2.64,42.46,35.68,0.14,23.05,148.85
16.17,39.45,0.28,3.77,44.65,39.92,0.22,35.18,144.46
21.20,46.34,0.29,5.12,42.88,38.15,0.16,21.64,154.14
20.52,46.26,0.30,4.68,42.37,41.00,0.29,22.56,155.41
26.39,45.53,0.28,4.46,44.03,37.69,0.61,32.87,158.98
27.40,47.09,0.31,4.49,55.40,39.23,0.30,23.54,174.22
24.80,44.86,0.28,4.83,45.22,42.46,0.22,21.55,162.67
24.75,46.50,0.31,5.37,43.10,39.24,0.20,33.79,159.46
26.49,47.02,0.27,4.65,43.47,39.25,0.20,22.13,161.34
27.93,45.30,0.25,4.23,42.47,37.73,0.29,22.63,158.19
23.74,46.64,0.26,4.51,42.58,37.77,0.18,32.86,155.67
20.55,47.95,0.27,4.20,58.81,44.60,0.23,21.39,176.61
23.41,46.04,0.32,4.83,42.71,40.44,0.23,22.32,157.97
18.07,46.77,0.20,2.93,45.23,40.09,0.18,33.84,153.47
18.07,48.44,0.35,4.59,44.37,39.95,0.16,21.84,155.94
25.57,46.12,0.33,3.71,44.51,39.45,0.25,23.21,159.94
20.16,45.44,0.30,4.04,47.07,40.47,0.25,33.47,157.73
24.15,45.71,0.25,4.52,45.36,38.82,0.20,21.35,159.00
27.62,46.94,0.34,5.22,43.54,40.31,0.19,21.64,164.15
26.12,46.28,0.36,4.91,44.19,41.67,0.22,33.75,163.76
24.33,47.43,0.29,4.10,43.62,37.69,0.19,22.83,157.65
21.96,47.15,0.32,6.31,51.09,38.30,0.39,23.27,165.51
26.70,46.04,0.25,3.96,44.79,37.30,0.20,35.11,159.24
20.43,47.14,0.30,4.67,52.74,36.56,0.19,24.33,162.03
24.43,42.90,0.28,4.69,44.96,40.65,0.19,23.09,158.09
26.47,45.25,0.30,5.32,38.72,35.71,0.12,32.52,151.89
20.66,46.15,0.16,3.97,46.98,35.61,0.31,21.92,153.84
19.57,40.58,0.26,4.72,42.55,39.27,0.17,22.55,147.12
20.04,47.74,0.28,4.26,40.72,40.98,0.23,33.66,154.25
19.71,47.78,0.28,4.49,42.98,42.81,0.26,22.24,158.30
26.52,43.59,0.24,3.77,45.91,37.36,0.18,23.26,157.56
19.50,48.12,0.28,4.24,42.98,36.85,0.19,35.17,152.17
18.54,49.17,0.37,5.10,41.06,40.71,0.19,21.48,155.13
28.59,45.59,0.27,4.75,46.07,38.41,0.26,21.45,163.94
25.01,47.08,0.29,4.26,43.19,39.01,0.20,34.34,159.04
19.74,47.93,0.31,4.93,43.92,38.33,0.18,22.94,155.33
22.17,45.20,0.27,4.39,42.81,37.96,0.62,24.55,153.42
22.51,45.88,0.08,2.13,43.09,34.23,0.11,34.76,148.01
20.84,45.51,0.22,3.13,41.32,32.65,0.06,22.78,143.73
17.30,47.86,0.18,2.63,43.89,39.15,0.21,23.92,151.22
19.95,46.88,0.40,4.23,42.79,37.39,0.31,34.41,151.95
19.54,47.99,0.37,4.92,51.35,37.70,0.28,22.52,162.17
20.60,46.14,0.40,4.97,52.06,39.37,0.39,27.86,163.92
18.92,47.25,0.29,4.98,42.46,36.51,0.32,34.29,150.72
21.96,47.36,0.30,4.55,42.09,40.28,0.37,22.47,156.90
19.04,46.39,0.34,4.65,43.07,38.35,0.23,23.29,152.07
21.28,47.86,0.33,4.47,41.30,36.20,0.23,35.15,151.67
26.18,45.46,0.25,4.46,41.58,40.31,0.17,21.37,158.40
20.14,48.38,0.28,5.31,40.77,37.93,0.20,21.16,153.01
22.43,48.18,0.29,4.63,49.13,38.48,0.19,35.34,163.35
21.06,39.54,0.28,4.59,45.64,39.77,0.26,21.48,151.14
27.94,44.28,0.31,4.97,43.00,37.03,0.11,23.00,157.64
23.51,38.04,0.15,2.61,44.66,38.19,0.19,33.50,147.35
22.81,45.48,0.31,4.55,43.35,39.72,0.20,23.15,156.43
19.14,47.30,0.28,4.54,52.74,37.31,0.24,25.38,161.54
27.45,46.47,0.30,5.25,42.30,36.91,0.19,32.56,158.87
21.44,47.46,0.29,6.66,52.71,40.41,0.20,23.31,169.17
24.33,46.69,1.01,4.21,49.57,38.06,0.18,24.83,164.06
21.61,47.58,0.27,5.18,40.95,37.17,0.23,34.90,152.99
21.23,46.87,0.96,4.76,43.10,40.51,0.43,22.22,157.87
16.35,48.38,0.25,4.33,40.42,38.02,0.28,23.50,148.04
24.48,45.68,0.30,4.71,43.34,36.34,0.21,32.45,155.06
23.35,46.59,0.29,4.85,44.15,40.52,0.21,21.74,159.96
26.00,46.75,0.46,4.86,52.31,39.36,0.26,23.89,170.01
27.18,45.73,0.21,3.65,46.28,38.92,0.43,34.40,162.40
25.79,47.04,0.33,4.15,43.90,38.55,0.22,23.75,159.97
20.15,45.51,0.34,5.44,41.19,39.04,0.21,21.81,151.87
22.99,46.91,0.27,4.59,50.46,39.76,0.34,34.88,165.32
18.23,46.49,0.31,4.66,52.00,39.04,0.56,26.00,161.29
20.26,47.24,0.30,5.34,41.67,38.32,0.23,22.50,153.36
19.80,48.96,0.31,4.75,43.65,38.99,0.30,34.39,156.77
27.81,44.50,0.27,4.44,42.33,38.97,0.55,22.62,158.87
20.65,47.48,0.27,4.91,42.48,39.20,0.18,21.76,155.16
20.82,47.19,0.29,5.18,41.93,37.70,0.20,32.90,153.31
22.78,45.67,0.25,4.56,44.22,42.12,0.32,22.48,159.92
27.31,44.50,0.29,3.96,45.45,38.17,0.14,24.02,159.82
23.69,45.23,0.28,4.41,43.97,38.47,0.22,32.92,156.26
19.21,48.65,0.33,4.44,40.56,35.91,0.07,22.21,149.18
18.77,48.00,0.26,4.15,43.44,37.66,0.18,22.79,152.45
23.74,44.52,0.29,5.32,43.18,38.48,0.17,33.28,155.70
21.23,47.51,0.29,4.78,42.38,38.09,0.27,23.63,154.56
22.49,45.45,0.29,4.81,44.13,42.29,0.19,22.81,159.64
26.01,44.88,0.29,3.99,43.23,38.85,0.19,34.52,157.44
21.99,48.66,0.32,4.48,51.38,38.48,0.19,23.62,165.51
18.75,48.09,0.27,4.78,41.10,37.12,0.19,24.26,150.29
24.05,46.05,0.27,4.82,43.04,37.15,0.23,34.45,155.62
21.88,48.02,0.29,4.67,44.63,39.83,0.17,23.72,159.48
26.26,46.44,0.32,4.60,42.24,37.14,0.15,24.29,157.14
24.45,47.24,0.25,4.39,42.60,35.80,1.07,33.24,155.80
22.65,47.54,0.33,4.75,42.46,41.11,0.24,20.40,159.07
25.59,50.12,0.18,6.00,46.03,36.05,0.15,20.31,164.12
25.51,48.80,0.44,3.02,42.40,38.73,0.21,35.05,159.12
21.50,43.84,0.40,6.24,53.03,38.28,0.21,22.73,163.52
27.90,45.96,0.30,4.94,43.94,37.21,0.18,24.07,160.44
19.98,47.67,0.28,4.36,40.88,36.68,0.64,33.97,150.49
24.36,47.33,0.28,4.50,52.87,38.50,0.32,22.17,168.16
17.28,47.38,0.28,5.35,40.55,40.14,0.18,21.28,151.16
20.21,46.72,0.29,4.51,44.31,40.01,0.22,36.21,156.27
16.99,48.31,0.37,4.82,42.84,41.17,0.17,20.96,154.67
17.94,47.85,0.27,4.20,43.26,38.75,0.24,23.74,152.51
20.37,47.82,0.35,5.04,45.31,40.07,0.19,35.51,159.16
25.36,47.22,0.37,4.64,42.84,38.84,0.19,22.69,159.45
18.99,46.61,0.30,4.91,43.94,38.98,0.19,22.40,153.92
19.58,46.40,0.31,3.52,42.42,33.54,0.10,34.77,145.87
22.03,47.48,0.29,5.10,42.93,36.68,0.23,22.50,154.73
20.23,48.15,0.34,3.94,45.36,40.77,0.17,24.53,158.96
25.95,47.22,0.29,4.27,43.38,36.13,0.22,35.39,157.46
20.87,46.66,0.33,4.51,46.15,42.06,0.16,22.74,160.74
20.30,47.90,0.32,4.47,41.74,39.84,0.23,23.28,154.80
20.90,46.09,0.37,4.49,42.48,37.41,0.21,33.87,151.95
22.90,47.23,0.33,4.82,41.95,37.40,0.22,22.21,154.87
22.98,46.54,0.39,4.40,42.02,39.64,0.17,24.07,156.16
18.28,48.07,0.28,4.62,43.38,36.30,0.19,34.89,151.12
20.85,47.00,0.29,4.87,41.75,39.31,0.70,21.79,154.78
20.73,46.69,0.27,5.46,42.18,36.78,0.18,21.08,152.29
22.74,48.49,0.34,5.30,41.79,39.51,0.51,32.99,158.68
17.26,38.23,0.23,3.47,43.56,35.38,0.11,20.62,138.25
18.94,47.95,0.30,4.53,41.45,41.81,0.24,22.47,155.21
20.35,49.66,0.28,4.77,46.68,39.34,0.20,32.99,161.27
18.84,47.43,0.32,4.52,42.00,37.09,0.19,21.42,150.40
25.27,45.57,0.27,4.66,42.43,38.49,0.44,23.20,157.15
19.50,47.50,0.36,4.40,43.36,37.14,0.21,33.38,152.47
19.04,47.68,0.29,4.48,52.04,38.21,0.17,25.09,161.92
24.16,44.08,0.33,4.79,43.15,41.21,0.15,23.60,157.87
18.34,47.34,0.29,4.87,44.71,37.85,0.31,33.61,153.71
18.41,47.97,0.35,5.48,52.19,38.57,0.19,23.43,163.18
18.55,46.98,0.21,6.52,49.28,36.48,0.18,24.24,158.20
24.40,46.07,0.26,5.07,43.27,37.01,0.21,32.58,156.29
21.49,47.39,0.32,5.00,44.37,41.34,0.16,22.35,160.07
25.81,44.89,0.16,2.97,43.95,34.70,0.19,22.19,152.66
20.06,46.21,0.31,4.38,44.77,36.75,0.20,33.45,152.67
21.73,48.85,0.23,5.10,45.30,37.97,0.13,19.91,159.31
17.82,46.65,0.23,4.27,44.29,38.82,0.18,22.30,152.26
20.55,46.92,0.30,5.44,40.84,39.00,0.21,35.26,153.26
18.68,48.38,0.27,4.71,42.71,38.16,0.21,21.03,153.13
22.00,46.54,0.30,4.66,41.09,37.16,0.16,23.26,151.92
24.12,47.55,0.39,5.51,43.40,38.13,0.15,33.37,159.24
19.21,46.90,0.31,5.00,44.42,40.53,0.24,22.12,156.61
25.15,46.70,0.29,4.17,43.73,39.36,0.20,22.16,159.61
18.20,46.80,0.24,4.17,43.72,35.50,0.16,32.34,148.81
25.23,47.89,0.28,4.51,42.18,41.31,0.28,21.26,161.69
25.48,47.50,0.32,4.62,42.30,41.94,0.26,23.82,162.43
25.84,46.64,0.25,3.68,43.78,36.55,0.13,33.51,156.87
16.73,47.05,0.25,4.69,43.85,38.53,0.19,22.66,151.29
29.11,44.76,0.26,4.61,42.01,41.36,0.18,23.22,162.29
18.99,36.44,0.23,4.59,42.56,35.84,0.21,33.04,138.86
27.01,45.77,0.35,4.47,42.69,39.00,0.19,21.86,159.49
23.11,44.77,0.34,5.02,42.21,40.63,0.26,22.62,156.32
18.58,47.47,0.27,5.00,43.16,39.30,0.19,33.57,153.97
17.64,47.63,0.34,4.50,44.53,37.56,0.27,21.21,152.47
22.59,43.82,0.23,4.98,44.08,38.63,0.17,22.63,154.50
20.76,46.83,0.29,4.48,45.17,51.98,0.20,33.98,169.70
23.81,44.83,0.41,4.73,45.70,38.38,0.27,20.79,158.14
19.10,50.09,0.33,4.62,49.19,35.75,0.44,24.23,159.52
20.91,47.17,0.34,4.64,44.03,37.49,0.23,33.78,154.80
28.79,45.04,0.32,4.53,39.27,34.71,0.11,22.34,152.76
25.17,44.76,0.31,4.39,41.24,36.77,0.22,22.57,152.86
24.12,47.09,0.25,4.70,41.61,40.41,0.25,34.11,158.45
21.72,44.77,0.25,5.64,40.28,41.39,0.25,21.99,154.32
19.46,47.66,0.25,4.48,42.28,38.47,0.20,22.14,152.82
21.52,47.07,0.36,5.36,40.47,39.90,0.19,32.61,154.87
21.97,46.33,0.25,4.55,43.08,36.77,0.25,22.66,153.21
21.75,44.91,0.30,2.76,47.08,40.94,0.19,23.16,157.94
27.01,46.48,0.28,4.78,43.71,36.01,0.80,33.08,159.06
20.77,47.53,0.26,4.97,41.11,37.43,0.17,21.65,152.25
25.80,87.47,0.32,4.92,53.51,37.86,0.16,25.18,210.03
18.64,47.25,0.26,4.76,41.63,37.45,0.26,32.52,150.25
24.24,47.07,0.23,4.10,44.43,44.62,0.20,22.59,164.89
22.39,44.88,0.28,5.13,42.66,36.28,0.13,21.79,151.75
26.47,44.59,0.33,4.78,42.45,37.54,0.20,33.10,156.36
22.27,46.55,0.30,6.06,39.91,37.35,0.24,21.30,152.68
21.77,38.78,0.25,4.34,46.49,38.46,0.19,22.73,150.28
27.98,45.96,0.30,4.53,44.44,35.65,0.14,34.04,158.99
23.84,47.30,0.30,4.33,42.87,40.07,0.21,22.77,158.92
20.22,44.40,0.24,4.58,45.55,39.26,0.19,22.14,154.44
18.42,48.00,0.28,5.90,49.97,38.15,0.24,34.19,160.96
23.13,44.63,0.25,4.57,42.75,40.64,0.85,22.45,156.83
18.69,48.76,0.25,4.86,41.05,40.06,0.18,23.00,153.84
21.19,46.08,0.25,4.38,41.64,38.62,0.26,34.45,152.42
22.47,47.14,0.27,4.59,42.58,37.61,0.26,21.95,154.92
21.17,47.07,0.30,4.70,51.83,38.62,0.19,25.87,163.88
19.24,48.43,0.37,4.79,39.79,33.75,0.07,32.48,146.45
21.47,47.80,0.29,4.80,41.33,38.08,0.55,21.50,154.31
23.56,46.79,0.25,4.73,51.99,37.32,0.24,23.26,164.89
19.76,47.55,0.28,4.77,47.03,41.04,0.17,33.84,160.60
23.17,47.55,0.28,4.71,51.55,38.28,0.23,23.51,165.77
21.58,45.62,0.27,5.08,43.29,39.14,0.39,22.05,155.38
17.85,48.03,0.28,5.03,41.44,37.68,0.21,32.40,150.52
22.65,46.07,0.25,4.52,44.46,39.67,0.17,22.98,157.78
18.39,46.39,0.28,5.26,44.79,38.97,0.20,23.48,154.28
18.21,47.80,0.22,4.90,42.07,38.19,0.16,33.34,151.53
22.69,44.73,0.31,4.37,44.58,40.03,0.17,21.64,156.88
19.27,46.93,0.26,4.92,44.15,43.20,0.16,22.67,158.88
23.58,48.03,0.35,4.70,41.15,36.45,0.15,33.42,154.40
22.79,45.81,0.23,3.64,42.02,37.13,0.30,22.49,151.93
24.86,46.32,0.31,4.49,44.37,38.32,0.26,21.69,158.94
20.06,46.79,0.29,5.22,43.41,36.06,0.22,34.34,152.05
19.10,46.78,0.30,4.43,44.10,37.02,0.17,22.89,151.90
23.94,45.35,0.34,6.65,43.21,37.01,0.19,22.57,156.69
21.19,45.79,0.29,4.72,42.51,38.82,0.26,36.28,153.58
21.43,47.90,0.29,5.16,42.14,37.47,0.17,22.76,154.55
20.63,46.84,0.36,4.95,43.65,39.57,0.16,23.71,156.16
20.08,47.72,0.49,4.76,41.88,37.50,0.20,34.46,152.62
23.01,47.87,0.32,4.68,41.66,38.68,0.23,21.92,156.45
20.48,48.05,0.34,4.67,43.52,37.84,0.28,22.66,155.17
19.97,48.66,0.32,4.92,40.99,38.91,0.17,32.76,153.95
21.63,46.70,0.32,4.41,41.79,40.47,0.17,23.61,155.49
23.00,45.20,0.28,3.35,40.93,37.96,0.14,22.55,150.87
24.69,46.11,0.33,4.01,42.76,37.31,0.17,35.35,155.37
23.93,47.01,0.23,4.66,45.28,39.36,0.23,21.64,160.70
24.39,47.89,0.25,4.67,50.30,32.89,0.20,23.19,160.59
25.57,45.94,0.23,4.01,42.71,36.79,0.14,33.08,155.40
24.14,46.20,0.29,6.08,52.29,37.75,0.23,24.05,166.99
19.30,47.99,0.28,4.38,41.92,38.08,0.19,22.14,152.12
22.03,46.41,0.25,5.26,41.75,36.40,0.17,32.97,152.27
24.58,45.68,0.27,5.30,43.93,38.24,0.16,20.23,158.16
21.14,45.39,0.28,4.91,47.04,36.91,0.14,21.17,155.81
19.27,48.10,0.31,5.09,43.91,36.43,0.22,33.21,153.34
20.96,45.75,0.44,4.76,42.47,36.82,0.20,20.97,151.40
23.20,47.22,0.32,4.79,43.00,37.30,0.21,23.28,156.04
21.19,47.05,0.29,4.66,40.47,36.10,0.10,33.77,149.86
19.77,47.23,0.27,4.22,43.94,38.72,0.22,24.26,154.36
20.08,44.69,0.30,4.65,43.15,37.00,0.43,23.35,150.29
21.89,45.81,0.28,4.82,41.99,36.52,0.23,33.91,151.53
22.94,46.45,0.27,4.66,44.15,37.40,0.36,23.36,156.23
21.78,46.21,0.27,4.74,43.08,39.18,0.22,21.01,155.47
19.90,46.73,0.24,4.42,43.75,38.21,0.19,33.70,153.43
22.23,45.58,0.23,3.85,46.21,36.27,0.35,22.25,154.73
20.51,47.04,0.33,4.84,43.73,37.47,0.23,24.76,154.16
18.68,47.93,0.26,4.61,43.79,35.98,0.45,33.80,151.70
18.96,47.28,0.26,6.18,41.25,36.71,0.16,20.45,150.80
23.12,48.75,0.28,4.12,43.91,37.41,0.12,22.70,157.70
22.94,46.99,0.26,4.74,41.92,38.35,0.18,33.00,155.37
22.29,46.52,0.23,3.82,44.45,35.86,0.11,23.23,153.29
22.73,44.88,0.22,5.26,42.28,38.11,0.46,23.20,153.92
24.03,45.83,0.35,5.26,40.15,37.63,0.19,33.12,153.44
20.77,46.79,0.27,4.81,44.26,41.74,0.46,21.50,159.10
25.02,44.66,0.26,4.58,43.89,39.53,0.19,21.73,158.12
19.98,47.60,0.26,4.39,42.96,39.55,0.17,35.13,154.92
21.63,46.04,0.40,4.41,42.78,38.73,0.18,22.61,154.16
19.97,48.07,0.27,4.99,43.08,38.92,0.20,23.08,155.50
20.67,46.72,0.31,4.89,42.54,39.18,0.38,33.58,154.69
19.22,48.19,0.28,4.06,42.76,36.53,0.16,22.69,151.21
26.00,44.46,0.22,4.26,41.93,40.25,0.15,23.27,157.27
21.88,46.66,0.24,4.36,42.78,36.67,0.34,33.50,152.93
22.23,47.45,0.25,5.11,44.28,39.41,0.22,21.14,158.95
25.62,46.18,0.28,4.96,41.55,35.82,0.14,23.23,154.54
16.08,38.65,0.21,2.70,47.33,39.10,0.19,35.67,144.26
27.01,45.70,0.30,4.66,45.67,40.09,0.24,22.27,163.68
24.83,46.70,0.25,4.28,54.22,37.48,0.19,28.09,167.95
21.07,44.76,0.33,5.06,41.64,36.97,0.16,32.40,149.98
24.38,47.94,0.29,4.53,42.24,40.41,0.18,22.41,159.97
19.85,47.59,0.32,4.93,42.01,37.89,0.23,22.47,152.81
21.29,46.77,0.27,5.06,43.70,38.64,0.26,33.24,155.99
27.47,46.60,0.30,4.42,42.57,36.24,0.21,21.67,157.80
25.49,45.18,0.27,4.42,42.74,36.81,0.16,22.90,155.06
24.61,47.83,0.28,4.91,50.72,38.27,0.18,35.67,166.81
20.12,48.90,0.29,4.41,39.84,40.30,0.17,21.29,154.01
19.97,46.50,0.22,4.34,43.38,37.08,0.17,23.37,151.66
23.92,45.44,0.26,5.19,45.51,34.36,0.08,35.65,154.75
24.24,46.23,0.09,2.39,47.44,38.79,0.14,22.77,159.32
19.64,47.82,0.27,4.77,43.05,36.90,0.18,23.88,152.63
21.03,48.73,0.29,5.29,41.59,35.62,0.18,32.65,152.73
22.01,47.70,0.35,4.18,46.36,34.59,0.19,23.11,155.37
21.56,46.79,0.32,4.50,43.05,37.26,0.19,24.11,153.67
21.83,47.40,0.37,4.46,42.96,37.67,0.20,33.37,154.88
28.83,46.60,0.31,4.75,43.99,38.56,0.16,22.46,163.21
22.91,44.51,0.27,4.11,41.82,36.99,0.20,23.43,150.81
22.57,45.70,0.25,4.77,43.17,40.47,0.24,33.45,157.18
17.67,47.90,0.22,5.21,51.12,38.51,0.24,22.91,160.87
21.17,46.57,0.25,4.77,42.33,38.06,0.31,21.64,153.47
22.07,45.87,0.25,4.23,44.68,37.03,0.17,33.77,154.31
22.75,46.90,0.25,4.98,41.89,34.43,0.10,21.84,151.31
19.58,45.69,0.18,3.35,44.80,41.76,0.30,23.79,155.64
27.29,46.67,0.31,4.57,43.91,38.11,0.11,35.09,160.98
28.07,57.29,0.24,4.32,50.09,39.66,0.21,22.39,179.87
24.38,48.15,0.28,5.72,43.77,35.55,0.20,23.48,158.05
19.56,48.11,0.28,5.62,42.73,41.78,0.16,33.53,158.24
26.18,46.42,0.24,5.12,42.86,39.27,0.52,21.09,160.61
30.22,43.96,0.29,5.08,44.09,37.01,0.37,23.32,161.03
19.83,48.20,0.30,4.54,43.53,36.93,0.20,32.37,153.51
18.85,47.74,0.28,4.99,42.92,38.00,0.15,21.57,152.93
20.07,40.45,0.26,5.03,39.61,37.38,0.23,24.11,143.03
22.91,47.24,0.32,5.10,39.63,36.30,0.15,34.08,151.64
25.27,47.25,0.28,5.24,42.89,39.53,0.45,21.46,160.90
18.29,47.36,0.31,5.18,39.20,33.55,0.10,22.21,143.98
20.03,37.62,0.41,4.35,43.97,34.78,0.18,34.51,141.33
26.00,44.25,0.21,4.24,43.86,38.98,0.18,22.51,157.72
20.24,46.13,0.27,4.40,44.47,37.71,0.24,22.11,153.46
19.65,38.92,0.24,4.58,44.42,33.97,0.18,32.77,141.96
23.52,47.36,0.24,4.35,42.95,38.93,0.18,21.48,157.52
23.16,44.85,0.22,4.55,42.30,37.23,0.21,23.42,152.52
22.89,47.94,0.34,4.60,41.74,36.67,0.20,35.81,154.38
21.20,47.17,0.26,5.14,41.31,38.88,0.20,21.42,154.17
28.44,45.72,0.28,5.13,43.58,38.61,0.20,23.92,161.97
19.77,46.22,0.32,4.75,43.70,36.95,0.17,33.95,151.89
21.53,47.27,0.29,4.87,42.63,37.82,0.18,21.96,154.57
21.96,47.10,0.30,4.49,42.79,39.50,0.27,23.00,156.42
27.97,45.29,0.33,4.90,39.05,35.36,0.14,34.58,153.04
19.38,38.31,0.25,3.98,45.97,38.17,0.18,23.48,146.24
21.38,47.60,0.25,4.40,43.08,39.03,0.16,21.81,155.89
20.40,48.33,0.26,4.48,49.46,42.05,0.20,35.37,165.19
24.11,46.98,0.26,4.84,40.70,36.63,0.21,21.10,153.73
26.00,44.32,0.25,4.61,44.54,38.04,0.17,23.11,157.92
19.99,38.06,0.24,4.30,45.51,34.18,0.13,34.93,142.42
23.98,48.51,0.35,6.60,49.62,37.35,0.15,23.39,166.56
20.73,47.44,0.26,4.04,44.43,40.39,0.36,23.91,157.64
27.16,45.70,0.87,4.83,41.08,36.27,0.17,34.60,156.07
24.24,45.93,0.28,4.93,42.21,40.15,1.74,22.15,159.47
26.97,45.65,0.27,4.76,42.20,38.50,0.18,23.82,158.53
21.96,46.69,0.34,4.93,42.41,37.06,0.16,33.35,153.56
23.71,45.90,0.29,4.42,49.26,37.80,0.11,23.40,161.49
17.78,45.93,0.24,4.29,43.30,38.12,0.16,24.69,149.82
23.55,50.43,0.35,5.00,46.71,39.82,0.19,35.08,166.05
19.83,45.82,0.28,4.28,43.41,40.24,0.18,22.53,154.04
19.85,46.63,0.29,4.57,43.08,37.37,0.22,22.13,152.01
23.25,44.94,0.20,4.27,44.29,37.84,0.20,32.45,155.00
23.23,43.72,0.21,4.19,45.13,39.37,0.16,23.01,155.99
20.10,46.27,0.26,4.55,41.41,38.41,0.18,21.50,151.18
24.22,45.42,0.29,4.40,42.84,36.90,0.20,34.85,154.28
24.81,45.73,0.37,4.39,51.84,39.16,0.17,23.53,166.47
18.26,47.86,0.30,4.90,41.43,36.32,0.36,23.63,149.41
24.41,46.35,0.27,4.72,43.09,35.75,0.21,34.97,154.80
22.10,46.33,0.29,4.51,43.27,36.72,0.32,22.21,153.54
21.64,45.74,0.29,4.30,46.06,35.25,0.14,23.85,153.41
25.04,38.16,0.18,3.02,46.05,35.93,0.18,33.52,148.56
24.20,45.41,0.24,5.32,43.83,37.84,0.23,21.95,157.06
20.08,47.98,0.20,3.41,44.42,38.06,0.14,22.60,154.29
20.04,47.01,0.25,4.66,44.05,36.31,0.17,35.68,152.48
19.03,47.12,0.28,4.18,61.47,40.86,0.18,20.43,173.12
25.75,47.04,0.25,4.44,43.40,38.26,0.32,23.98,159.46
19.54,48.57,0.22,4.74,40.98,40.99,0.20,35.12,155.25
21.28,45.44,0.23,4.36,43.48,37.85,0.24,21.94,152.88
18.98,47.32,0.30,4.67,41.66,36.68,0.34,22.32,149.96
